name	rank	relative_path	size_bytes	char_count	sha1	is_text
README.md	1	systems/CIEL_OMEGA_COMPLETE_SYSTEM/README.md	7470	7427	68853757515420cc03337614e9bbdfd2a4f5cc56	True
README.md	2	systems/CIEL_OMEGA_VOCABULARY_REFERENCE/vocabulary/README.md	6233	6049	d00ee2536ca8b80168d98f646da4db15bbdfba9a	True
README.md	3	systems/CIEL_OMEGA_MEMORY_REFERENCE_v3.1.7/TODO/vocabulary/README.md	6233	6049	d00ee2536ca8b80168d98f646da4db15bbdfba9a	True
README.md	4	systems/CIEL_OMEGA_COMPLETE_SYSTEM/ciel_omega/vocabulary/README.md	6233	6049	d00ee2536ca8b80168d98f646da4db15bbdfba9a	True
README.md	5	systems/CIEL_OMEGA_COMPLETE_SYSTEM/ciel_omega/TODO/vocabulary/README.md	6233	6049	d00ee2536ca8b80168d98f646da4db15bbdfba9a	True
README.md	6	systems/CIEL_OMEGA_MEMORY_REFERENCE_v3.1.7/README.md	4463	4314	c9882a01490151bf24f1705384190c67604c77e7	True
README.md	7	systems/CIEL_OMEGA_COMPLETE_SYSTEM/ciel_omega/README.md	4463	4314	c9882a01490151bf24f1705384190c67604c77e7	True
README.md	8	systems/CIEL_FOUNDATIONS/README.md	1603	1603	da1ba1b0079a5b244cee1fbdc3039dbb60a50f66	True
README.md	9	README.md	970	970	acf8f52bb8be827e0df2b7e5803b3f388a3ed092	True
README.md	10	systems/CIEL_OMEGA_MEMORY_REFERENCE_v3.1.7/TODO/experimental/README.md	536	536	3de2944ce82cbd607efdfaf09514150f02d1ac29	True
README.md	11	systems/CIEL_OMEGA_COMPLETE_SYSTEM/ciel_omega/TODO/experimental/README.md	536	536	3de2944ce82cbd607efdfaf09514150f02d1ac29	True
README.md	12	systems/CIEL_OMEGA_COMPLETE_SYSTEM/ciel_omega/ext/README.md	383	367	ac60d84a86ec6831760a3e21087efe98e4fbe628	True
README.md	13	systems/CIEL_FOUNDATIONS/LaTeX/README.md	361	361	9cb87b726c786b5a88686abd5044dec21c218f17	True
README.md	14	systems/CIEL_FOUNDATIONS/operational_modes/README.md	331	331	d55e942799f4dd6c87e9d20368a15738004e3617	True
README.md	15	systems/CIEL_OMEGA_COMPLETE_SYSTEM/ciel_omega/TODO/from_old_runtime/.pytest_cache/README.md	302	302	54be9e578952c88d983b7d92c5f96579869575a3	True
README.md	16	systems/CIEL_OMEGA_COMPLETE_SYSTEM/ciel_omega/TODO/from_old_runtime/ciel_omega/.pytest_cache/README.md	302	302	54be9e578952c88d983b7d92c5f96579869575a3	True
README.md	17	systems/CIEL_OMEGA_MEMORY_REFERENCE_v3.1.7/TODO/experimental/geometry_holonomy_monolith/README.md	262	261	37abf84ea7dacb7f6b903e60e2ed1f900a0db5f1	True
README.md	18	systems/CIEL_OMEGA_COMPLETE_SYSTEM/ciel_omega/TODO/experimental/geometry_holonomy_monolith/README.md	262	261	37abf84ea7dacb7f6b903e60e2ed1f900a0db5f1	True
README.md	19	systems/CIEL_FOUNDATIONS/Simulations/README.md	238	238	79271c26e1ab97c2ec17fca2c0cff336875fb38b	True
README.md	20	systems/CIEL_FOUNDATIONS/assumptions/README.md	217	217	ce57042ab94aae05564d6a9d2869bcb2ce52e295	True
README.md	21	systems/CIEL_FOUNDATIONS/artifacts/README.md	180	180	8e04e4f08f48ee49419acb8ddf64972615183190	True
README.md	22	systems/CIEL_FOUNDATIONS/decisions/README.md	174	174	6d922b8f877bce3d9d9f9c9dd5c530d7ce0c5826	True
README.md	23	systems/CIEL_FOUNDATIONS/bibliography/README.md	171	171	1a31e2244f493f57ac8a6274058c9ac547164df7	True
README.md	24	systems/CIEL_FOUNDATIONS/provenance/README.md	162	162	b13e9cdd67b5a9d4462f17c811f6e03f1bfbe82a	True
README.md	25	systems/CIEL_FOUNDATIONS/reverse_operational_modes/README.md	152	152	6326e76ff0b7cf964a7caa268c18ecffe0c7a2c9	True
README.md	26	systems/CIEL_FOUNDATIONS/sectors/cosmology/README.md	147	147	b7cf56a01515564395309397dfb9567254911048	True
README.md	27	systems/CIEL_FOUNDATIONS/sectors/neutrino/README.md	145	145	c858ae2294febb526b9f086bdea2823cf031e08f	True
README.md	28	systems/CIEL_FOUNDATIONS/interfaces/README.md	142	142	70470b789fbbfcf7a811946c1ac9a2a92c77d7a3	True
README.md	29	systems/CIEL_FOUNDATIONS/constants/Lambda0/README.md	142	142	819bc7698bcdb3fa82f2371125ad5401b28c3180	True
README.md	30	systems/CIEL_FOUNDATIONS/falsification/README.md	141	141	76892ecfb1bc4754bda18a44d779fcc1485778bf	True
README.md	31	systems/CIEL_FOUNDATIONS/sectors/hadron/README.md	141	141	2549ef573fef7d126341409c3932033f0c06f531	True
README.md	32	systems/CIEL_FOUNDATIONS/sectors/lepton/README.md	141	141	55fb8b54ab609d31fb841f7a8b81a4cead6b7fc6	True
README.md	33	systems/CIEL_FOUNDATIONS/sectors/quark/README.md	139	139	dbcff8f9bd8eac372ed82434d64a4622c7a9c643	True
README.md	34	systems/CIEL_FOUNDATIONS/constants/kappa/README.md	138	138	a07ae3e6ba0944614dd2ad1cec4e32e5bb8f9a92	True
README.md	35	systems/CIEL_FOUNDATIONS/constants/tau/README.md	134	134	ab0e11201e9ac516f114470fabf14a7037b8f077	True
README.md	36	systems/CIEL_FOUNDATIONS/constants/I0/README.md	132	132	6bdadbd56f277664f8213c6d166b70fd63b52557	True
README.md	37	systems/CIEL_FOUNDATIONS/archive/README.md	107	107	873998132ed9fd54e7ddb425513f12973eeccd89	True
README.md	38	systems/CIEL_FOUNDATIONS/benchmarks/README.md	103	103	90350554ac1752ccccac494073e626ea63896a96	True
README.md	39	integrations/README.md	100	100	1eafc0a036566b5a02be622c486e57d8a759c294	True
README.md	40	systems/CIEL_FOUNDATIONS/whitepapers/README.md	91	91	aa42b4eb787913a7c6a95702eca89e5b7cb9fd8b	True
README.md	41	systems/CIEL_FOUNDATIONS/environments/README.md	90	90	6c518a98b97e1f1737742e8418d9d3bb27626da8	True
README.md	42	systems/CIEL_FOUNDATIONS/src/ciel_foundations/initial_conditions/README.md	89	89	68b85881d2874fe6321f37d7806dd18acaf9b445	True
README.md	43	systems/CIEL_FOUNDATIONS/schemas/README.md	78	78	8c44d31431da1391f0cb5c07c428604d299affe2	True
README.md	44	systems/CIEL_FOUNDATIONS/tests/falsification/README.md	77	77	9d0629f3b9368b106e0a9264c6092e2378227c70	True
README.md	45	systems/CIEL_FOUNDATIONS/tests/numeric/README.md	77	77	9d0629f3b9368b106e0a9264c6092e2378227c70	True
README.md	46	systems/CIEL_FOUNDATIONS/tests/regression/README.md	77	77	9d0629f3b9368b106e0a9264c6092e2378227c70	True
README.md	47	systems/CIEL_FOUNDATIONS/tests/symbolic/README.md	77	77	9d0629f3b9368b106e0a9264c6092e2378227c70	True
README.md	48	systems/CIEL_FOUNDATIONS/src/ciel_foundations/bloch/README.md	76	76	84f42fec0903d1515f81d656fe6774e90be6594e	True
README.md	49	systems/CIEL_FOUNDATIONS/src/ciel_foundations/holonomy/README.md	75	75	351a32a2624f282f02fc13ff78a0b3818609fe53	True
README.md	50	systems/CIEL_FOUNDATIONS/src/ciel_foundations/genesis/README.md	72	72	5f945d2fe09cb41b47fdab5345f4fcd11d14061d	True
README.md	51	systems/CIEL_FOUNDATIONS/src/ciel_foundations/tau_solver/README.md	70	70	053cbd276b8b2ce1256195d0de7c9c2fe4ce26f1	True
README.md	52	systems/CIEL_FOUNDATIONS/archive/notebooks_quarantine/README.md	69	69	5a1c5a1b64d8a4cb77119cc3f64c5b1b31dfb002	True
README.md	53	systems/CIEL_FOUNDATIONS/Simulations/results/README.md	63	63	9c5a145146c4dd1f4e44c3fa803dd3f454bd2bb2	True
README.md	54	systems/CIEL_FOUNDATIONS/src/ciel_foundations/closure/README.md	58	58	7a2752801dcb73cf4d4d11ed51ea35a94438ea4b	True
README.md	55	systems/CIEL_FOUNDATIONS/Simulations/code/README.md	58	58	70c5865c3e6c51908ca7cf9f33797e73e2073991	True
README.md	56	systems/CIEL_FOUNDATIONS/provenance/runs/README.md	40	40	21b7f6792a19871b3b7e39530894723bcc7286f3	True
README.md	57	systems/CIEL_FOUNDATIONS/provenance/datasets/README.md	38	38	fa272ab1c5cdc85bbd7e00b3327601c8a3998837	True
README.md	58	systems/CIEL_FOUNDATIONS/LaTeX/macros/README.md	29	29	2580294678c2786b2e02e589ba144211b1f40452	True
README.md	59	systems/CIEL_FOUNDATIONS/interpretations/ontology/README.md	27	27	a23d3b138446d0e596a46ab660c035cf8c4d2db9	True
README.md	60	systems/CIEL_FOUNDATIONS/interpretations/physics/README.md	26	26	bc9a1d48ee21d77fa3d06b645011a3002d8e4468	True
README.md	61	systems/CIEL_FOUNDATIONS/LaTeX/papers/README.md	26	26	0ebec97a8c9d87e3ce525477947046bca87cac6c	True
README.md	62	systems/CIEL_FOUNDATIONS/LaTeX/tables/README.md	25	25	bb7db356200e81db49a4c31779b365fd8f540f79	True
README.md	63	systems/CIEL_FOUNDATIONS/interpretations/limits/README.md	24	24	3b437b967499eecf03334920ab8f9b2dd9692afe	True
README.md	64	systems/CIEL_FOUNDATIONS/whitepapers/constants/README.md	23	23	1bfb9f6756cce4b78984571ca1e64da31ec0c82c	True
README.md	65	systems/CIEL_FOUNDATIONS/environments/lock/README.md	22	22	aea402ffca5c2a6124b922149fe792b04eb077f9	True
README.md	66	systems/CIEL_FOUNDATIONS/whitepapers/modules/README.md	21	21	3fb2dedf1834b9bb88c25fb6108d2173c842e4db	True
README.md	67	systems/CIEL_FOUNDATIONS/whitepapers/sectors/README.md	21	21	c2a36373bc5571ec7aad67a0c4e92b4e93e555dc	True
general_data.json	1	data/observed_datasets_bundle/general_data.json	3307122	3300276	60dfaffffed7ffa6e7d0a1dfc8724f41c14425ca	True
general_data.json	2	research/holonomic_observed_end_to_end/data/general_data.json	3307122	3300276	60dfaffffed7ffa6e7d0a1dfc8724f41c14425ca	True
qa_data.json	1	data/observed_datasets_bundle/qa_data.json	6164420	6143535	a7b0ca4648d6bcd7c01677a8740ad0a62ac725f3	True
qa_data.json	2	research/holonomic_observed_end_to_end/data/qa_data.json	6164420	6143535	a7b0ca4648d6bcd7c01677a8740ad0a62ac725f3	True
summarization_data.json	1	data/observed_datasets_bundle/summarization_data.json	46992527	46851400	b47a5d5c07f09642a1cd43b6396b64811a6b074c	True
summarization_data.json	2	research/holonomic_observed_end_to_end/data/summarization_data.json	46992527	46851400	b47a5d5c07f09642a1cd43b6396b64811a6b074c	True
README.txt	1	research/holonomic_relations_research_grade/README.txt	668	668	b6b505eeaeb148ab96c70cf895d9430a5081a187	True
README.txt	2	research/holonomic_observed_end_to_end/README.txt	615	613	00b3bbb762ca14f6a6164fcfeeb62af1b0660839	True
README.txt	3	data/observed_datasets_bundle/README.txt	341	341	602ef9fbbf41b584c06ec797202e3d805fcb5c46	True
summary.json	1	research/holonomic_observed_end_to_end/results/summary.json	2252	2252	520866522b9bab75a4c7f1573b50ea174fa5495a	True
summary.json	2	research/holonomic_relations_research_grade/results/summary.json	772	772	8d76c86864b746195bc00730445e270763ed494b	True
summary.md	1	research/holonomic_observed_end_to_end/results/summary.md	1061	1061	c819e699d37bdd1df1d3b01f613c6cc9612e1b63	True
summary.md	2	research/holonomic_relations_research_grade/results/summary.md	444	444	a7e22b1fac6d8e3f370296aca70032f193134a4f	True
results_snippet.tex	1	research/holonomic_observed_end_to_end/report/results_snippet.tex	908	908	1b3c7ed39d86fedc133dcb1f7fddc380809c5f78	True
results_snippet.tex	2	research/holonomic_relations_research_grade/latex/results_snippet.tex	483	483	3091449a90120c8d210b381a574cc175eba9af4d	True
interpretation.md	1	research/holonomic_relations_research_grade/notes/interpretation.md	731	731	f1779de30bfd5ed0e41c182ee0d00ad1cf7d3c0c	True
interpretation.md	2	systems/CIEL_FOUNDATIONS/constants/Lambda0/interpretation.md	84	84	2982607ac170fcea7c8c11a1c59f95f62003f831	True
interpretation.md	3	systems/CIEL_FOUNDATIONS/constants/kappa/interpretation.md	82	82	4f05bfa51549ace2638b493df0f61a3927e5d205	True
interpretation.md	4	systems/CIEL_FOUNDATIONS/constants/tau/interpretation.md	80	80	a629c7655c1632ca89babd97d02f1b805a166fa4	True
interpretation.md	5	systems/CIEL_FOUNDATIONS/constants/I0/interpretation.md	79	79	953797ca5dd4a1df1b99f9bf7354b33d96dd8fb7	True
MEMORY_SECTOR_MANIFEST.md	1	systems/CIEL_OMEGA_MEMORY_REFERENCE_v3.1.7/MEMORY_SECTOR_MANIFEST.md	1030	1030	b344d1b15019734c0c07efec2b85f8df0e7beb17	True
MEMORY_SECTOR_MANIFEST.md	2	systems/CIEL_OMEGA_COMPLETE_SYSTEM/ciel_omega/MEMORY_SECTOR_MANIFEST.md	1030	1030	b344d1b15019734c0c07efec2b85f8df0e7beb17	True
demo_ciel_omega_complete.py	1	systems/CIEL_OMEGA_MEMORY_REFERENCE_v3.1.7/demo_ciel_omega_complete.py	18268	18120	488fbba8bff993e1a1f90e2a3b88568623a92af1	True
demo_ciel_omega_complete.py	2	systems/CIEL_OMEGA_COMPLETE_SYSTEM/ciel_omega/demo_ciel_omega_complete.py	18268	18120	488fbba8bff993e1a1f90e2a3b88568623a92af1	True
demo_full_pipeline.py	1	systems/CIEL_OMEGA_MEMORY_REFERENCE_v3.1.7/demo_full_pipeline.py	25322	22424	e6c56785735576e2b4854fc505e67649de803732	True
demo_full_pipeline.py	2	systems/CIEL_OMEGA_COMPLETE_SYSTEM/ciel_omega/demo_full_pipeline.py	25322	22424	e6c56785735576e2b4854fc505e67649de803732	True
demo_holonomic_orchestrator.py	1	systems/CIEL_OMEGA_MEMORY_REFERENCE_v3.1.7/demo_holonomic_orchestrator.py	3236	3236	fe03d1c7535b951f2f57a079f58b6d8f9a063168	True
demo_holonomic_orchestrator.py	2	systems/CIEL_OMEGA_COMPLETE_SYSTEM/ciel_omega/demo_holonomic_orchestrator.py	3236	3236	fe03d1c7535b951f2f57a079f58b6d8f9a063168	True
demo_holonomy_eba.py	1	systems/CIEL_OMEGA_MEMORY_REFERENCE_v3.1.7/demo_holonomy_eba.py	11867	11726	89b2f58719c589c38dce8efa027e08fca2e49a6c	True
demo_holonomy_eba.py	2	systems/CIEL_OMEGA_COMPLETE_SYSTEM/ciel_omega/demo_holonomy_eba.py	11867	11726	89b2f58719c589c38dce8efa027e08fca2e49a6c	True
demo_m0_perceptual_memory.py	1	systems/CIEL_OMEGA_MEMORY_REFERENCE_v3.1.7/demo_m0_perceptual_memory.py	1575	1574	401c3616cee2a5060ba003c3affdde88245d532f	True
demo_m0_perceptual_memory.py	2	systems/CIEL_OMEGA_COMPLETE_SYSTEM/ciel_omega/demo_m0_perceptual_memory.py	1575	1574	401c3616cee2a5060ba003c3affdde88245d532f	True
demo_m1_working_memory.py	1	systems/CIEL_OMEGA_MEMORY_REFERENCE_v3.1.7/demo_m1_working_memory.py	1388	1382	a25591c6e0fd6a36b9539b1a99c4de91550f5eaa	True
demo_m1_working_memory.py	2	systems/CIEL_OMEGA_COMPLETE_SYSTEM/ciel_omega/demo_m1_working_memory.py	1388	1382	a25591c6e0fd6a36b9539b1a99c4de91550f5eaa	True
demo_m3_semantic_memory.py	1	systems/CIEL_OMEGA_MEMORY_REFERENCE_v3.1.7/demo_m3_semantic_memory.py	2932	2931	77f49c7a9511780423232233b1aea803c406a64a	True
demo_m3_semantic_memory.py	2	systems/CIEL_OMEGA_COMPLETE_SYSTEM/ciel_omega/demo_m3_semantic_memory.py	2932	2931	77f49c7a9511780423232233b1aea803c406a64a	True
demo_m4_procedural_memory.py	1	systems/CIEL_OMEGA_MEMORY_REFERENCE_v3.1.7/demo_m4_procedural_memory.py	2411	2410	9613def01de6d19c0ff2affe4bd49611db372952	True
demo_m4_procedural_memory.py	2	systems/CIEL_OMEGA_COMPLETE_SYSTEM/ciel_omega/demo_m4_procedural_memory.py	2411	2410	9613def01de6d19c0ff2affe4bd49611db372952	True
demo_m5_affective_memory.py	1	systems/CIEL_OMEGA_MEMORY_REFERENCE_v3.1.7/demo_m5_affective_memory.py	2367	2367	e2cc0ec1e40771eb768b4214fd140e84930f8dab	True
demo_m5_affective_memory.py	2	systems/CIEL_OMEGA_COMPLETE_SYSTEM/ciel_omega/demo_m5_affective_memory.py	2367	2367	e2cc0ec1e40771eb768b4214fd140e84930f8dab	True
demo_m6_identity_memory.py	1	systems/CIEL_OMEGA_MEMORY_REFERENCE_v3.1.7/demo_m6_identity_memory.py	10966	10916	df6b8fd76524a13fdcf6903ec2ec83e84313c3b9	True
demo_m6_identity_memory.py	2	systems/CIEL_OMEGA_COMPLETE_SYSTEM/ciel_omega/demo_m6_identity_memory.py	10966	10916	df6b8fd76524a13fdcf6903ec2ec83e84313c3b9	True
demo_memory_system.py	1	systems/CIEL_OMEGA_MEMORY_REFERENCE_v3.1.7/demo_memory_system.py	13067	13033	8755e7ea9e64de1101dd14be4e632a1d668d80ad	True
demo_memory_system.py	2	systems/CIEL_OMEGA_COMPLETE_SYSTEM/ciel_omega/demo_memory_system.py	13067	13033	8755e7ea9e64de1101dd14be4e632a1d668d80ad	True
demo_validation_fixes.py	1	systems/CIEL_OMEGA_MEMORY_REFERENCE_v3.1.7/demo_validation_fixes.py	10250	10155	849985da385cc31a2fe9804e8b81fba1439a11b3	True
demo_validation_fixes.py	2	systems/CIEL_OMEGA_COMPLETE_SYSTEM/ciel_omega/demo_validation_fixes.py	10250	10155	849985da385cc31a2fe9804e8b81fba1439a11b3	True
test_affective_memory.py	1	systems/CIEL_OMEGA_MEMORY_REFERENCE_v3.1.7/test_affective_memory.py	3397	3396	03274c54c1280fc340e37c6941d4a0924ec74733	True
test_affective_memory.py	2	systems/CIEL_OMEGA_COMPLETE_SYSTEM/ciel_omega/test_affective_memory.py	3397	3396	03274c54c1280fc340e37c6941d4a0924ec74733	True
test_affective_memory_consolidation.py	1	systems/CIEL_OMEGA_MEMORY_REFERENCE_v3.1.7/test_affective_memory_consolidation.py	2839	2838	6577a9021ee3723e27af7b5eb04c93831bdaa61a	True
test_affective_memory_consolidation.py	2	systems/CIEL_OMEGA_COMPLETE_SYSTEM/ciel_omega/test_affective_memory_consolidation.py	2839	2838	6577a9021ee3723e27af7b5eb04c93831bdaa61a	True
test_alignment_strengthening.py	1	systems/CIEL_OMEGA_MEMORY_REFERENCE_v3.1.7/test_alignment_strengthening.py	3245	3225	190ac7aea28ae3153e8e287bd33abe5992223b0a	True
test_alignment_strengthening.py	2	systems/CIEL_OMEGA_COMPLETE_SYSTEM/ciel_omega/test_alignment_strengthening.py	3245	3225	190ac7aea28ae3153e8e287bd33abe5992223b0a	True
test_defect_minimization.py	1	systems/CIEL_OMEGA_MEMORY_REFERENCE_v3.1.7/test_defect_minimization.py	2465	2458	a294df1e60f63f17472879bfdda5fe2d849d3ae7	True
test_defect_minimization.py	2	systems/CIEL_OMEGA_COMPLETE_SYSTEM/ciel_omega/test_defect_minimization.py	2465	2458	a294df1e60f63f17472879bfdda5fe2d849d3ae7	True
test_grid_stability.py	1	systems/CIEL_OMEGA_MEMORY_REFERENCE_v3.1.7/test_grid_stability.py	4211	4191	a4850f6b23bf3e39edbaa2c4b3ba7d28fcb24f0c	True
test_grid_stability.py	2	systems/CIEL_OMEGA_COMPLETE_SYSTEM/ciel_omega/test_grid_stability.py	4211	4191	a4850f6b23bf3e39edbaa2c4b3ba7d28fcb24f0c	True
test_holonomic_orchestrator.py	1	systems/CIEL_OMEGA_MEMORY_REFERENCE_v3.1.7/test_holonomic_orchestrator.py	2442	2442	5111aa3af9d4c725e58c7c064dddc455671dc61c	True
test_holonomic_orchestrator.py	2	systems/CIEL_OMEGA_COMPLETE_SYSTEM/ciel_omega/test_holonomic_orchestrator.py	2442	2442	5111aa3af9d4c725e58c7c064dddc455671dc61c	True
test_m6_1_acceptance.py	1	systems/CIEL_OMEGA_MEMORY_REFERENCE_v3.1.7/test_m6_1_acceptance.py	13159	13102	950af02ffae3f6200d46437ffb67dc2d1e03411c	True
test_m6_1_acceptance.py	2	systems/CIEL_OMEGA_COMPLETE_SYSTEM/ciel_omega/test_m6_1_acceptance.py	13159	13102	950af02ffae3f6200d46437ffb67dc2d1e03411c	True
test_memory_sector_integration.py	1	systems/CIEL_OMEGA_MEMORY_REFERENCE_v3.1.7/test_memory_sector_integration.py	2794	2794	091fad762725e6122df27ec68ec02133655e30ce	True
test_memory_sector_integration.py	2	systems/CIEL_OMEGA_COMPLETE_SYSTEM/ciel_omega/test_memory_sector_integration.py	2794	2794	091fad762725e6122df27ec68ec02133655e30ce	True
test_perceptual_memory.py	1	systems/CIEL_OMEGA_MEMORY_REFERENCE_v3.1.7/test_perceptual_memory.py	3116	3115	eee015f249b6d41564f8416746fbbaa9c910540e	True
test_perceptual_memory.py	2	systems/CIEL_OMEGA_COMPLETE_SYSTEM/ciel_omega/test_perceptual_memory.py	3116	3115	eee015f249b6d41564f8416746fbbaa9c910540e	True
test_perceptual_memory_consolidation.py	1	systems/CIEL_OMEGA_MEMORY_REFERENCE_v3.1.7/test_perceptual_memory_consolidation.py	2242	2241	4e8a01a5308f4c972ba5860de5e35e61e562be9c	True
test_perceptual_memory_consolidation.py	2	systems/CIEL_OMEGA_COMPLETE_SYSTEM/ciel_omega/test_perceptual_memory_consolidation.py	2242	2241	4e8a01a5308f4c972ba5860de5e35e61e562be9c	True
test_procedural_memory.py	1	systems/CIEL_OMEGA_MEMORY_REFERENCE_v3.1.7/test_procedural_memory.py	4200	4199	e8963e336c12ebed3612a755e79075fbf11dde73	True
test_procedural_memory.py	2	systems/CIEL_OMEGA_COMPLETE_SYSTEM/ciel_omega/test_procedural_memory.py	4200	4199	e8963e336c12ebed3612a755e79075fbf11dde73	True
test_procedural_memory_consolidation.py	1	systems/CIEL_OMEGA_MEMORY_REFERENCE_v3.1.7/test_procedural_memory_consolidation.py	2715	2714	8de019aa58a742b4fea1ea91b61c9a65200d43bb	True
test_procedural_memory_consolidation.py	2	systems/CIEL_OMEGA_COMPLETE_SYSTEM/ciel_omega/test_procedural_memory_consolidation.py	2715	2714	8de019aa58a742b4fea1ea91b61c9a65200d43bb	True
test_semantic_memory.py	1	systems/CIEL_OMEGA_MEMORY_REFERENCE_v3.1.7/test_semantic_memory.py	4397	4396	0e307ba15f83a8ec8b9b2284da50d47f71427d58	True
test_semantic_memory.py	2	systems/CIEL_OMEGA_COMPLETE_SYSTEM/ciel_omega/test_semantic_memory.py	4397	4396	0e307ba15f83a8ec8b9b2284da50d47f71427d58	True
test_semantic_memory_consolidation.py	1	systems/CIEL_OMEGA_MEMORY_REFERENCE_v3.1.7/test_semantic_memory_consolidation.py	2746	2745	fa2f663c94cb241628c0ec328102300c30b18b2e	True
test_semantic_memory_consolidation.py	2	systems/CIEL_OMEGA_COMPLETE_SYSTEM/ciel_omega/test_semantic_memory_consolidation.py	2746	2745	fa2f663c94cb241628c0ec328102300c30b18b2e	True
test_working_memory.py	1	systems/CIEL_OMEGA_MEMORY_REFERENCE_v3.1.7/test_working_memory.py	3285	3284	e331a22e847a0a06ca854595ddb271e2f80d768e	True
test_working_memory.py	2	systems/CIEL_OMEGA_COMPLETE_SYSTEM/ciel_omega/test_working_memory.py	3285	3284	e331a22e847a0a06ca854595ddb271e2f80d768e	True
test_working_memory_consolidation.py	1	systems/CIEL_OMEGA_MEMORY_REFERENCE_v3.1.7/test_working_memory_consolidation.py	2188	2187	ee7a52d71877b05ff33f09afcb395de554082e34	True
test_working_memory_consolidation.py	2	systems/CIEL_OMEGA_COMPLETE_SYSTEM/ciel_omega/test_working_memory_consolidation.py	2188	2187	ee7a52d71877b05ff33f09afcb395de554082e34	True
registry.yaml	1	systems/CIEL_FOUNDATIONS/operational_modes/registry.yaml	1486	1486	72d6392e8e9f2abe661ce5b6b061a327321ff108	True
registry.yaml	2	systems/CIEL_FOUNDATIONS/assumptions/registry.yaml	831	831	cb6427c9cf3e9d4c270a3692049ee8a5aa4904c3	True
registry.yaml	3	systems/CIEL_FOUNDATIONS/axioms/registry.yaml	776	776	30b5702017cade9c676640727511f955ca8c7a7d	True
registry.yaml	4	systems/CIEL_FOUNDATIONS/constants/registry.yaml	643	643	c117faa57d3d1f291e1b76a9c13d9419b690475e	True
registry.yaml	5	systems/CIEL_FOUNDATIONS/reverse_operational_modes/registry.yaml	386	386	68577bdeda00c36d7977818492e7b904583bc137	True
registry.yaml	6	systems/CIEL_FOUNDATIONS/benchmarks/registry.yaml	353	353	cc740b1dc1fccb88b3931e1caeec973da3c20166	True
registry.yaml	7	systems/CIEL_FOUNDATIONS/artifacts/registry.yaml	191	191	c5650208b9d93d5ff4f665ecd97bf357c5e2216d	True
registry.yaml	8	systems/CIEL_FOUNDATIONS/Simulations/registry.yaml	169	169	11cfd69d90453ed17dbde5aecb8a8b437fe3de89	True
registry.yaml	9	systems/CIEL_FOUNDATIONS/definitions/registry.yaml	39	39	5298d143e7c3e10abc34e59ba5c65fa2413ef6a1	True
__init__.py	1	systems/CIEL_OMEGA_MEMORY_REFERENCE_v3.1.7/memory/__init__.py	3957	3956	23c78fcdf6b3fe14911cfcaf9f7357ed1ab2ee57	True
__init__.py	2	systems/CIEL_OMEGA_COMPLETE_SYSTEM/ciel_omega/memory/__init__.py	3957	3956	23c78fcdf6b3fe14911cfcaf9f7357ed1ab2ee57	True
__init__.py	3	systems/CIEL_OMEGA_VOCABULARY_REFERENCE/vocabulary/__init__.py	2319	2317	4c0192faaf9e22f0ba8e27a98f1aabb16938e114	True
__init__.py	4	systems/CIEL_OMEGA_MEMORY_REFERENCE_v3.1.7/TODO/vocabulary/__init__.py	2319	2317	4c0192faaf9e22f0ba8e27a98f1aabb16938e114	True
__init__.py	5	systems/CIEL_OMEGA_COMPLETE_SYSTEM/ciel_omega/vocabulary/__init__.py	2319	2317	4c0192faaf9e22f0ba8e27a98f1aabb16938e114	True
__init__.py	6	systems/CIEL_OMEGA_COMPLETE_SYSTEM/ciel_omega/TODO/vocabulary/__init__.py	2319	2317	4c0192faaf9e22f0ba8e27a98f1aabb16938e114	True
__init__.py	7	systems/CIEL_OMEGA_COMPLETE_SYSTEM/ciel_omega/core/braid/__init__.py	676	676	1eb92da25f79c66b375ce0a54433049e2d372892	True
__init__.py	8	systems/CIEL_OMEGA_COMPLETE_SYSTEM/ciel_omega/config/__init__.py	575	574	d6c79aad8b9c7f9caec38d4b7ccb32e496379b21	True
__init__.py	9	systems/CIEL_OMEGA_COMPLETE_SYSTEM/ciel_omega/memory/monolith/__init__.py	467	464	2937140b2e29120cf1468c85215f94fcf468a1a4	True
__init__.py	10	systems/CIEL_OMEGA_COMPLETE_SYSTEM/ciel_omega/ciel/__init__.py	395	392	6afb9711ec68dbb4d2209ebe7848f918ce337daf	True
__init__.py	11	systems/CIEL_OMEGA_COMPLETE_SYSTEM/ciel_omega/constraints/__init__.py	361	361	882dd9e10732f9a290ea70641c7365f51650c9b3	True
__init__.py	12	systems/CIEL_OMEGA_COMPLETE_SYSTEM/ciel_omega/emotion/cqcl/__init__.py	327	324	7eb101e0dece5f5ff2fbc94c8b503fb8f0b2c15a	True
__init__.py	13	systems/CIEL_OMEGA_COMPLETE_SYSTEM/ciel_omega/__init__.py	289	286	97b951d88c6eab9ff1b1ec009f534e797d2d3fcf	True
__init__.py	14	systems/CIEL_OMEGA_COMPLETE_SYSTEM/ciel_omega/fields/__init__.py	269	265	be1d7ff058dd8ec9ed4c2768f7639bae167065ef	True
__init__.py	15	systems/CIEL_OMEGA_COMPLETE_SYSTEM/ciel_omega/resonance/__init__.py	248	245	455b22517ac496590995a52a01f15ba1b67b2e90	True
__init__.py	16	systems/CIEL_OMEGA_COMPLETE_SYSTEM/ciel_omega/ciel_wave/__init__.py	237	234	99a8759606fc38ea68ea999332d66f099b5a4f1f	True
__init__.py	17	systems/CIEL_OMEGA_COMPLETE_SYSTEM/ciel_omega/experiments/intentional_tetra_or/__init__.py	233	230	8ccd33720b25301ab6a402691d7d1816d4915f38	True
__init__.py	18	systems/CIEL_OMEGA_COMPLETE_SYSTEM/ciel_omega/core/__init__.py	210	209	95dc21f97fb49682fb2083ae090f0f6ebbe8f8df	True
__init__.py	19	systems/CIEL_OMEGA_COMPLETE_SYSTEM/ciel_omega/ciel/memory/__init__.py	159	156	24812d4c4b693c781a1859001959f60c378e483e	True
__init__.py	20	systems/CIEL_OMEGA_COMPLETE_SYSTEM/ciel_omega/ciel_io/__init__.py	130	127	278b49a2639306a64e8fd96a35445b91ffcff12f	True
__init__.py	21	systems/CIEL_OMEGA_COMPLETE_SYSTEM/ciel_omega/compute/__init__.py	121	118	c018bc5ca579777501f137b38be316c06c6582f2	True
__init__.py	22	systems/CIEL_OMEGA_COMPLETE_SYSTEM/ciel_omega/mathematics/universal_law/__init__.py	98	94	96f42ec48df9cd4cd275dc96d79692649e8f3a31	True
__init__.py	23	systems/CIEL_OMEGA_COMPLETE_SYSTEM/ciel_omega/vocabulary_tools/__init__.py	87	87	f2385e3cffa5c22f77ea0e89aa8851e54bcd47b9	True
__init__.py	24	systems/CIEL_OMEGA_COMPLETE_SYSTEM/ciel_omega/runtime/agent/__init__.py	89	86	a287ec14808b36c06e28e37c5c7bd617385e19c2	True
__init__.py	25	systems/CIEL_OMEGA_COMPLETE_SYSTEM/ciel_omega/symbolic/__init__.py	85	82	83bc0bc057196776d29ccc64f350a0f3c1b2c7ab	True
__init__.py	26	systems/CIEL_OMEGA_COMPLETE_SYSTEM/ciel_omega/mathematics/paradoxes/__init__.py	85	82	63a0776da892dd9692c8b3cd47bb783c5b72a865	True
__init__.py	27	systems/CIEL_OMEGA_COMPLETE_SYSTEM/ciel_omega/runtime/__init__.py	85	81	e5d5603ecd8709f655b0bb60babcfd51453d990b	True
__init__.py	28	systems/CIEL_OMEGA_COMPLETE_SYSTEM/ciel_omega/emotion/__init__.py	84	81	fe30bac5ffaf92bae62b328e9c5f90ec1f0a2526	True
__init__.py	29	systems/CIEL_OMEGA_COMPLETE_SYSTEM/ciel_omega/visualization/__init__.py	81	78	d152b0e8effc7e5b1e1ca9bb019d87a6b242f6cc	True
__init__.py	30	systems/CIEL_OMEGA_COMPLETE_SYSTEM/ciel_omega/bio/__init__.py	81	78	89658a9e5f8ed2982fff71a98d5c331eac180d94	True
__init__.py	31	systems/CIEL_OMEGA_COMPLETE_SYSTEM/ciel_omega/mathematics/__init__.py	79	74	05e511d4dcb62ca1030de7ff9755a5ed038e0e6a	True
__init__.py	32	systems/CIEL_OMEGA_COMPLETE_SYSTEM/ciel_omega/integration/__init__.py	77	74	b3f5bec505adb0cd9e3a478e23aa062d24f26fb2	True
__init__.py	33	systems/CIEL_OMEGA_COMPLETE_SYSTEM/ciel_omega/cognition/__init__.py	82	73	673ce63471efcfcc69a4fd548edbe3e6a151aa16	True
__init__.py	34	systems/CIEL_OMEGA_COMPLETE_SYSTEM/ciel_omega/ethics/__init__.py	72	69	ec9ff67cc1d63bcf2b86c071be84c626e7d377d2	True
__init__.py	35	systems/CIEL_OMEGA_COMPLETE_SYSTEM/ciel_omega/mathematics/lie4/__init__.py	73	68	501818091efaa13c307b46a3a0fd725bfb35bd93	True
__init__.py	36	systems/CIEL_OMEGA_COMPLETE_SYSTEM/ciel_omega/core/quantum/__init__.py	71	68	08f7bf7e743c45b3935811356146d7d286764c32	True
__init__.py	37	systems/CIEL_OMEGA_COMPLETE_SYSTEM/ciel_omega/runtime/omega/__init__.py	69	66	b4437a4f02c9a8d3cc38de0de850d864d996d324	True
__init__.py	38	systems/CIEL_OMEGA_COMPLETE_SYSTEM/ciel_omega/experiments/__init__.py	68	65	1404e938ed1c5cde4bafc2d715d0391ee286b129	True
__init__.py	39	systems/CIEL_OMEGA_COMPLETE_SYSTEM/ciel_omega/core/physics/__init__.py	65	62	60e4168d6bded9cfc075d7c98d790ea2caeba6c9	True
__init__.py	40	systems/CIEL_OMEGA_COMPLETE_SYSTEM/ciel_omega/calibration/__init__.py	68	61	6b4b9e28201547a2a72c66edcffb293e09f08efc	True
__init__.py	41	systems/CIEL_OMEGA_COMPLETE_SYSTEM/ciel_omega/bridge/__init__.py	54	53	328358f712fe8e4946f404e7d1264652a0283bef	True
__init__.py	42	systems/CIEL_FOUNDATIONS/src/ciel_foundations/initial_conditions/__init__.py	33	33	8530c8f1baf708e730bcfc0602f9cc6a9e1da4f9	True
__init__.py	43	systems/CIEL_FOUNDATIONS/src/ciel_foundations/__init__.py	32	32	55b88e45d5a53ab6526d2647e77925cac9fa5d26	True
__init__.py	44	systems/CIEL_FOUNDATIONS/src/ciel_foundations/tau_solver/__init__.py	25	25	890a492c3d2ea1daec66166c7de46d400105f1ec	True
__init__.py	45	systems/CIEL_FOUNDATIONS/src/ciel_foundations/holonomy/__init__.py	23	23	1f1f3fd8ca1dc5b7468b09d15a117448b58ffe15	True
__init__.py	46	systems/CIEL_FOUNDATIONS/src/ciel_foundations/closure/__init__.py	22	22	957f82e7a5d98e0c335769df79356c470b77bfbe	True
__init__.py	47	systems/CIEL_FOUNDATIONS/src/ciel_foundations/genesis/__init__.py	22	22	4830563b6576977376d06950421ae3625c009880	True
__init__.py	48	systems/CIEL_FOUNDATIONS/src/ciel_foundations/bloch/__init__.py	20	20	d6d303edc6169d27790c4b56d7fd22e368757378	True
code.py	1	systems/CIEL_FOUNDATIONS/constants/Lambda0/code.py	46	46	8af7a2de9df301855531636b9a2863d5c6931e33	True
code.py	2	systems/CIEL_FOUNDATIONS/constants/kappa/code.py	44	44	13f3501239d3e326519fe7dc9afbb4ae09bae45f	True
code.py	3	systems/CIEL_FOUNDATIONS/constants/tau/code.py	42	42	be5d157300c2e7832ae24011e17378d79b07166a	True
code.py	4	systems/CIEL_FOUNDATIONS/constants/I0/code.py	41	41	809ed2ae95d9c3305b4fc194c4865f82028ceff1	True
derivation.md	1	systems/CIEL_FOUNDATIONS/constants/Lambda0/derivation.md	89	89	76c695c3661af17d8598150a9a07db7aa7c4f406	True
derivation.md	2	systems/CIEL_FOUNDATIONS/constants/kappa/derivation.md	87	87	d132303ba30c2cf836ab8f49c1b8386a9c1f10f9	True
derivation.md	3	systems/CIEL_FOUNDATIONS/constants/tau/derivation.md	85	85	a91c4f18812a8ae6a17233ccd8526f410c61d2bc	True
derivation.md	4	systems/CIEL_FOUNDATIONS/constants/I0/derivation.md	84	84	e5a0369bc6a728f1b0bd3e819a224ff36c2f084d	True
tests.py	1	systems/CIEL_FOUNDATIONS/constants/Lambda0/tests.py	47	47	c704daae9006023e130e34fd43d2abdbafa7cf33	True
tests.py	2	systems/CIEL_FOUNDATIONS/constants/kappa/tests.py	45	45	211ef093d9d57f78de13cec68990de831f10c116	True
tests.py	3	systems/CIEL_FOUNDATIONS/constants/tau/tests.py	43	43	fc20cc559b728582b0df7a941d08bcd775ebae5e	True
tests.py	4	systems/CIEL_FOUNDATIONS/constants/I0/tests.py	42	42	aba5ca283a6e71d3cef3ff466061934bae48e3eb	True
test_gguf_pipeline.py	1	systems/CIEL_OMEGA_VOCABULARY_REFERENCE/vocabulary/test_gguf_pipeline.py	12256	12168	2fb1ed2c4afae3dfcce8a3019ffd533e11f5a422	True
test_gguf_pipeline.py	2	systems/CIEL_OMEGA_MEMORY_REFERENCE_v3.1.7/TODO/vocabulary/test_gguf_pipeline.py	12256	12168	2fb1ed2c4afae3dfcce8a3019ffd533e11f5a422	True
test_gguf_pipeline.py	3	systems/CIEL_OMEGA_COMPLETE_SYSTEM/ciel_omega/vocabulary/test_gguf_pipeline.py	12256	12168	2fb1ed2c4afae3dfcce8a3019ffd533e11f5a422	True
test_gguf_pipeline.py	4	systems/CIEL_OMEGA_COMPLETE_SYSTEM/ciel_omega/TODO/vocabulary/test_gguf_pipeline.py	12256	12168	2fb1ed2c4afae3dfcce8a3019ffd533e11f5a422	True
orchestrator.py	1	systems/CIEL_OMEGA_MEMORY_REFERENCE_v3.1.7/memory/orchestrator.py	17533	17532	c315cb08dd343d78e509af75d8bf61549aa0a126	True
orchestrator.py	2	systems/CIEL_OMEGA_COMPLETE_SYSTEM/ciel_omega/memory/orchestrator.py	17533	17532	c315cb08dd343d78e509af75d8bf61549aa0a126	True
orchestrator.py	3	systems/CIEL_OMEGA_VOCABULARY_REFERENCE/vocabulary/orchestrator.py	16872	16848	8a384dcd5f6e0e1b5c96170afe085fea6c91676b	True
orchestrator.py	4	systems/CIEL_OMEGA_MEMORY_REFERENCE_v3.1.7/TODO/vocabulary/orchestrator.py	16872	16848	8a384dcd5f6e0e1b5c96170afe085fea6c91676b	True
orchestrator.py	5	systems/CIEL_OMEGA_COMPLETE_SYSTEM/ciel_omega/TODO/vocabulary/orchestrator.py	16872	16848	8a384dcd5f6e0e1b5c96170afe085fea6c91676b	True
orchestrator.py	6	systems/CIEL_OMEGA_COMPLETE_SYSTEM/ciel_omega/vocabulary/orchestrator.py	16764	16740	b48f3ef405751c2f84c44fa4218c5b11650e5907	True
orchestrator.py	7	systems/CIEL_OMEGA_COMPLETE_SYSTEM/ciel_omega/memory/monolith/orchestrator.py	5543	5524	63d04f715d16ded55b16a498048c98e3b3b7a635	True
orchestrator.py	8	systems/CIEL_OMEGA_COMPLETE_SYSTEM/ciel_omega/cognition/orchestrator.py	2506	2497	4272e1bee04a55c32030dc72fec31a7eef0dffb9	True
planetary_archetypes.py	1	systems/CIEL_OMEGA_VOCABULARY_REFERENCE/vocabulary/planetary_archetypes.py	8523	8475	6072acf92b042f3ab0d78d6d44d06a1b13003a2c	True
planetary_archetypes.py	2	systems/CIEL_OMEGA_MEMORY_REFERENCE_v3.1.7/TODO/vocabulary/planetary_archetypes.py	8523	8475	6072acf92b042f3ab0d78d6d44d06a1b13003a2c	True
planetary_archetypes.py	3	systems/CIEL_OMEGA_COMPLETE_SYSTEM/ciel_omega/vocabulary/planetary_archetypes.py	8523	8475	6072acf92b042f3ab0d78d6d44d06a1b13003a2c	True
planetary_archetypes.py	4	systems/CIEL_OMEGA_COMPLETE_SYSTEM/ciel_omega/TODO/vocabulary/planetary_archetypes.py	8523	8475	6072acf92b042f3ab0d78d6d44d06a1b13003a2c	True
field_dynamics.py	1	systems/CIEL_OMEGA_VOCABULARY_REFERENCE/vocabulary/field_dynamics.py	12223	12136	fec7ba6f8072f091dec5f6cd95f86d7b75f39c1a	True
field_dynamics.py	2	systems/CIEL_OMEGA_MEMORY_REFERENCE_v3.1.7/TODO/vocabulary/field_dynamics.py	12223	12136	fec7ba6f8072f091dec5f6cd95f86d7b75f39c1a	True
field_dynamics.py	3	systems/CIEL_OMEGA_COMPLETE_SYSTEM/ciel_omega/vocabulary/field_dynamics.py	12223	12136	fec7ba6f8072f091dec5f6cd95f86d7b75f39c1a	True
field_dynamics.py	4	systems/CIEL_OMEGA_COMPLETE_SYSTEM/ciel_omega/TODO/vocabulary/field_dynamics.py	12223	12136	fec7ba6f8072f091dec5f6cd95f86d7b75f39c1a	True
core_concepts.py	1	systems/CIEL_OMEGA_VOCABULARY_REFERENCE/vocabulary/core_concepts.py	22345	22166	2248742eaef232717d6297ae51c9fc66a0815ceb	True
core_concepts.py	2	systems/CIEL_OMEGA_MEMORY_REFERENCE_v3.1.7/TODO/vocabulary/core_concepts.py	22345	22166	2248742eaef232717d6297ae51c9fc66a0815ceb	True
core_concepts.py	3	systems/CIEL_OMEGA_COMPLETE_SYSTEM/ciel_omega/vocabulary/core_concepts.py	22345	22166	2248742eaef232717d6297ae51c9fc66a0815ceb	True
core_concepts.py	4	systems/CIEL_OMEGA_COMPLETE_SYSTEM/ciel_omega/TODO/vocabulary/core_concepts.py	22345	22166	2248742eaef232717d6297ae51c9fc66a0815ceb	True
demo_core_concepts.py	1	systems/CIEL_OMEGA_VOCABULARY_REFERENCE/vocabulary/demo_core_concepts.py	7990	7924	98f6faa531df119aaa01831e9e5163bfa6cde806	True
demo_core_concepts.py	2	systems/CIEL_OMEGA_MEMORY_REFERENCE_v3.1.7/TODO/vocabulary/demo_core_concepts.py	7990	7924	98f6faa531df119aaa01831e9e5163bfa6cde806	True
demo_core_concepts.py	3	systems/CIEL_OMEGA_COMPLETE_SYSTEM/ciel_omega/vocabulary/demo_core_concepts.py	7990	7924	98f6faa531df119aaa01831e9e5163bfa6cde806	True
demo_core_concepts.py	4	systems/CIEL_OMEGA_COMPLETE_SYSTEM/ciel_omega/TODO/vocabulary/demo_core_concepts.py	7990	7924	98f6faa531df119aaa01831e9e5163bfa6cde806	True
extended_concepts.py	1	systems/CIEL_OMEGA_VOCABULARY_REFERENCE/vocabulary/extended_concepts.py	8453	8445	63a756a5c53f1da9876bc30c0c64e6e9fbe96268	True
extended_concepts.py	2	systems/CIEL_OMEGA_MEMORY_REFERENCE_v3.1.7/TODO/vocabulary/extended_concepts.py	8453	8445	63a756a5c53f1da9876bc30c0c64e6e9fbe96268	True
extended_concepts.py	3	systems/CIEL_OMEGA_COMPLETE_SYSTEM/ciel_omega/vocabulary/extended_concepts.py	8453	8445	63a756a5c53f1da9876bc30c0c64e6e9fbe96268	True
extended_concepts.py	4	systems/CIEL_OMEGA_COMPLETE_SYSTEM/ciel_omega/TODO/vocabulary/extended_concepts.py	8453	8445	63a756a5c53f1da9876bc30c0c64e6e9fbe96268	True
transcendent.py	1	systems/CIEL_OMEGA_VOCABULARY_REFERENCE/vocabulary/transcendent.py	9504	9483	57c7eef2fed7cd852b55fe7852ed6c2b28bcdc55	True
transcendent.py	2	systems/CIEL_OMEGA_MEMORY_REFERENCE_v3.1.7/TODO/vocabulary/transcendent.py	9504	9483	57c7eef2fed7cd852b55fe7852ed6c2b28bcdc55	True
transcendent.py	3	systems/CIEL_OMEGA_COMPLETE_SYSTEM/ciel_omega/vocabulary/transcendent.py	9504	9483	57c7eef2fed7cd852b55fe7852ed6c2b28bcdc55	True
transcendent.py	4	systems/CIEL_OMEGA_COMPLETE_SYSTEM/ciel_omega/TODO/vocabulary/transcendent.py	9504	9483	57c7eef2fed7cd852b55fe7852ed6c2b28bcdc55	True
COMPLETE_DOCUMENTATION.md	1	systems/CIEL_OMEGA_VOCABULARY_REFERENCE/vocabulary/COMPLETE_DOCUMENTATION.md	9731	9535	478ea7acb6488207cdded0078ab1792c79cf6205	True
COMPLETE_DOCUMENTATION.md	2	systems/CIEL_OMEGA_MEMORY_REFERENCE_v3.1.7/TODO/vocabulary/COMPLETE_DOCUMENTATION.md	9731	9535	478ea7acb6488207cdded0078ab1792c79cf6205	True
COMPLETE_DOCUMENTATION.md	3	systems/CIEL_OMEGA_COMPLETE_SYSTEM/ciel_omega/vocabulary/COMPLETE_DOCUMENTATION.md	9731	9535	478ea7acb6488207cdded0078ab1792c79cf6205	True
COMPLETE_DOCUMENTATION.md	4	systems/CIEL_OMEGA_COMPLETE_SYSTEM/ciel_omega/TODO/vocabulary/COMPLETE_DOCUMENTATION.md	9731	9535	478ea7acb6488207cdded0078ab1792c79cf6205	True
test_comprehensive.py	1	systems/CIEL_OMEGA_VOCABULARY_REFERENCE/vocabulary/test_comprehensive.py	9111	9031	b6ba6ad81e6655ff2af71767fd78483049b96460	True
test_comprehensive.py	2	systems/CIEL_OMEGA_MEMORY_REFERENCE_v3.1.7/TODO/vocabulary/test_comprehensive.py	9111	9031	b6ba6ad81e6655ff2af71767fd78483049b96460	True
test_comprehensive.py	3	systems/CIEL_OMEGA_COMPLETE_SYSTEM/ciel_omega/vocabulary/test_comprehensive.py	9111	9031	b6ba6ad81e6655ff2af71767fd78483049b96460	True
test_comprehensive.py	4	systems/CIEL_OMEGA_COMPLETE_SYSTEM/ciel_omega/TODO/vocabulary/test_comprehensive.py	9111	9031	b6ba6ad81e6655ff2af71767fd78483049b96460	True
affective_memory.py	1	systems/CIEL_OMEGA_MEMORY_REFERENCE_v3.1.7/memory/affective_memory.py	16193	16192	72a6d90ba7299b7f51488f71c5e041ba91a0a3e6	True
affective_memory.py	2	systems/CIEL_OMEGA_COMPLETE_SYSTEM/ciel_omega/memory/affective_memory.py	16193	16192	72a6d90ba7299b7f51488f71c5e041ba91a0a3e6	True
affective_types.py	1	systems/CIEL_OMEGA_MEMORY_REFERENCE_v3.1.7/memory/affective_types.py	2976	2975	5ede2d05d169a46544adbc87793436aee0bb450c	True
affective_types.py	2	systems/CIEL_OMEGA_COMPLETE_SYSTEM/ciel_omega/memory/affective_types.py	2976	2975	5ede2d05d169a46544adbc87793436aee0bb450c	True
audit_journal.py	1	systems/CIEL_OMEGA_MEMORY_REFERENCE_v3.1.7/memory/audit_journal.py	12610	12609	ea8307ce70de8f393342d0ef06777386cef8bfce	True
audit_journal.py	2	systems/CIEL_OMEGA_COMPLETE_SYSTEM/ciel_omega/memory/audit_journal.py	12610	12609	ea8307ce70de8f393342d0ef06777386cef8bfce	True
base.py	1	systems/CIEL_OMEGA_MEMORY_REFERENCE_v3.1.7/memory/base.py	9278	9254	6b2dda5ad4569eda4b155eb5f378b4525edfd461	True
base.py	2	systems/CIEL_OMEGA_COMPLETE_SYSTEM/ciel_omega/memory/base.py	9278	9254	6b2dda5ad4569eda4b155eb5f378b4525edfd461	True
base.py	3	systems/CIEL_OMEGA_COMPLETE_SYSTEM/ciel_omega/core/base.py	712	711	4ad5c625d04f99f2b0785a4cecc992fbf09919ec	True
braid_invariant.py	1	systems/CIEL_OMEGA_MEMORY_REFERENCE_v3.1.7/memory/braid_invariant.py	10000	9986	392d2af8a1ebeb86ef9648a6982a16086715d5da	True
braid_invariant.py	2	systems/CIEL_OMEGA_COMPLETE_SYSTEM/ciel_omega/memory/braid_invariant.py	10000	9986	392d2af8a1ebeb86ef9648a6982a16086715d5da	True
coupling.py	1	systems/CIEL_OMEGA_MEMORY_REFERENCE_v3.1.7/memory/coupling.py	12350	12285	c110a0a5ef9889b574c3b60b2f4f6a1480168fdd	True
coupling.py	2	systems/CIEL_OMEGA_COMPLETE_SYSTEM/ciel_omega/memory/coupling.py	12350	12285	c110a0a5ef9889b574c3b60b2f4f6a1480168fdd	True
dynamics.py	1	systems/CIEL_OMEGA_MEMORY_REFERENCE_v3.1.7/memory/dynamics.py	13974	13954	0a36a5338fe3f9a534ae06754b074df6a11b3a3e	True
dynamics.py	2	systems/CIEL_OMEGA_COMPLETE_SYSTEM/ciel_omega/memory/dynamics.py	13974	13954	0a36a5338fe3f9a534ae06754b074df6a11b3a3e	True
episodic.py	1	systems/CIEL_OMEGA_MEMORY_REFERENCE_v3.1.7/memory/episodic.py	12261	12257	6cc8e009913703464885034d688d10f52df53b16	True
episodic.py	2	systems/CIEL_OMEGA_COMPLETE_SYSTEM/ciel_omega/memory/episodic.py	12261	12257	6cc8e009913703464885034d688d10f52df53b16	True
holonomy.py	1	systems/CIEL_OMEGA_MEMORY_REFERENCE_v3.1.7/memory/holonomy.py	12033	11904	c2e1efec32e0d095251e3ac43d08e065b9cc4290	True
holonomy.py	2	systems/CIEL_OMEGA_COMPLETE_SYSTEM/ciel_omega/memory/holonomy.py	12033	11904	c2e1efec32e0d095251e3ac43d08e065b9cc4290	True
identity_memory.py	1	systems/CIEL_OMEGA_MEMORY_REFERENCE_v3.1.7/memory/identity_memory.py	17902	17889	f3943d98ad2c30a7c85aa6517e301ca5246a2746	True
identity_memory.py	2	systems/CIEL_OMEGA_COMPLETE_SYSTEM/ciel_omega/memory/identity_memory.py	17902	17889	f3943d98ad2c30a7c85aa6517e301ca5246a2746	True
identity_types.py	1	systems/CIEL_OMEGA_MEMORY_REFERENCE_v3.1.7/memory/identity_types.py	6532	6518	64bafdbf8ae81ba9b26cb674bd6ed3e030611a52	True
identity_types.py	2	systems/CIEL_OMEGA_COMPLETE_SYSTEM/ciel_omega/memory/identity_types.py	6532	6518	64bafdbf8ae81ba9b26cb674bd6ed3e030611a52	True
long_term.py	1	systems/CIEL_OMEGA_MEMORY_REFERENCE_v3.1.7/memory/long_term.py	1715	1712	7dd1e1d6e421d973f2550690c460775c663dd31f	True
long_term.py	2	systems/CIEL_OMEGA_COMPLETE_SYSTEM/ciel_omega/memory/long_term.py	1715	1712	7dd1e1d6e421d973f2550690c460775c663dd31f	True
memory_log.py	1	systems/CIEL_OMEGA_MEMORY_REFERENCE_v3.1.7/memory/memory_log.py	1369	1368	14ce7cf91b0b673f26b4959eaf56de55860215c1	True
memory_log.py	2	systems/CIEL_OMEGA_COMPLETE_SYSTEM/ciel_omega/memory/memory_log.py	1369	1368	14ce7cf91b0b673f26b4959eaf56de55860215c1	True
orchestrator_types.py	1	systems/CIEL_OMEGA_MEMORY_REFERENCE_v3.1.7/memory/orchestrator_types.py	1520	1519	df7b8f5e3e94a68cf7b40f7e691015c450a200c4	True
orchestrator_types.py	2	systems/CIEL_OMEGA_COMPLETE_SYSTEM/ciel_omega/memory/orchestrator_types.py	1520	1519	df7b8f5e3e94a68cf7b40f7e691015c450a200c4	True
perceptual_memory.py	1	systems/CIEL_OMEGA_MEMORY_REFERENCE_v3.1.7/memory/perceptual_memory.py	9497	9496	0da4c0e83aa09582da68beaeb5c58b6684f3ed4e	True
perceptual_memory.py	2	systems/CIEL_OMEGA_COMPLETE_SYSTEM/ciel_omega/memory/perceptual_memory.py	9497	9496	0da4c0e83aa09582da68beaeb5c58b6684f3ed4e	True
perceptual_types.py	1	systems/CIEL_OMEGA_MEMORY_REFERENCE_v3.1.7/memory/perceptual_types.py	1537	1536	0e7c5f5a18ae43a5dc6e08ffb0d39308d84d4283	True
perceptual_types.py	2	systems/CIEL_OMEGA_COMPLETE_SYSTEM/ciel_omega/memory/perceptual_types.py	1537	1536	0e7c5f5a18ae43a5dc6e08ffb0d39308d84d4283	True
potential.py	1	systems/CIEL_OMEGA_MEMORY_REFERENCE_v3.1.7/memory/potential.py	17256	17191	ab9bda23b8ae819fadb8b33809410b0cfb9f6b95	True
potential.py	2	systems/CIEL_OMEGA_COMPLETE_SYSTEM/ciel_omega/memory/potential.py	17256	17191	ab9bda23b8ae819fadb8b33809410b0cfb9f6b95	True
procedural_memory.py	1	systems/CIEL_OMEGA_MEMORY_REFERENCE_v3.1.7/memory/procedural_memory.py	14702	14701	b43e0c5e2e7ade280fb9d73dd157ff4eaf3ccd1a	True
procedural_memory.py	2	systems/CIEL_OMEGA_COMPLETE_SYSTEM/ciel_omega/memory/procedural_memory.py	14702	14701	b43e0c5e2e7ade280fb9d73dd157ff4eaf3ccd1a	True
procedural_types.py	1	systems/CIEL_OMEGA_MEMORY_REFERENCE_v3.1.7/memory/procedural_types.py	2851	2850	773e2ca52bcb3babb40dd4be6be72543e4bba272	True
procedural_types.py	2	systems/CIEL_OMEGA_COMPLETE_SYSTEM/ciel_omega/memory/procedural_types.py	2851	2850	773e2ca52bcb3babb40dd4be6be72543e4bba272	True
semantic_memory.py	1	systems/CIEL_OMEGA_MEMORY_REFERENCE_v3.1.7/memory/semantic_memory.py	13230	13229	be2d3161ab99fc0ed7fe162bdeb569bbdab03976	True
semantic_memory.py	2	systems/CIEL_OMEGA_COMPLETE_SYSTEM/ciel_omega/memory/semantic_memory.py	13230	13229	be2d3161ab99fc0ed7fe162bdeb569bbdab03976	True
semantic_types.py	1	systems/CIEL_OMEGA_MEMORY_REFERENCE_v3.1.7/memory/semantic_types.py	2710	2709	fc9fbe6df86761cc786f817f46c999eb51e4d7e7	True
semantic_types.py	2	systems/CIEL_OMEGA_COMPLETE_SYSTEM/ciel_omega/memory/semantic_types.py	2710	2709	fc9fbe6df86761cc786f817f46c999eb51e4d7e7	True
synchronizer.py	1	systems/CIEL_OMEGA_MEMORY_REFERENCE_v3.1.7/memory/synchronizer.py	700	692	897cb1b37fd914959ae5919c2374d78a9550b29d	True
synchronizer.py	2	systems/CIEL_OMEGA_COMPLETE_SYSTEM/ciel_omega/memory/synchronizer.py	700	692	897cb1b37fd914959ae5919c2374d78a9550b29d	True
working_memory.py	1	systems/CIEL_OMEGA_MEMORY_REFERENCE_v3.1.7/memory/working_memory.py	9430	9429	b5d7d7e217867924e0ce4871b0d040af7e30bed1	True
working_memory.py	2	systems/CIEL_OMEGA_COMPLETE_SYSTEM/ciel_omega/memory/working_memory.py	9430	9429	b5d7d7e217867924e0ce4871b0d040af7e30bed1	True
working_types.py	1	systems/CIEL_OMEGA_MEMORY_REFERENCE_v3.1.7/memory/working_types.py	1386	1385	d17743eea8879a0c1345e82407901c5514099485	True
working_types.py	2	systems/CIEL_OMEGA_COMPLETE_SYSTEM/ciel_omega/memory/working_types.py	1386	1385	d17743eea8879a0c1345e82407901c5514099485	True
introspective_state_demo.py	1	systems/CIEL_OMEGA_MEMORY_REFERENCE_v3.1.7/TODO/experimental/introspective_state_demo.py	4411	4409	373bd72c9741b5a27e333443eafd44aac96ea2a0	True
introspective_state_demo.py	2	systems/CIEL_OMEGA_COMPLETE_SYSTEM/ciel_omega/TODO/experimental/introspective_state_demo.py	4411	4409	373bd72c9741b5a27e333443eafd44aac96ea2a0	True
unified_reality_kernel_v7.py	1	systems/CIEL_OMEGA_MEMORY_REFERENCE_v3.1.7/TODO/experimental/geometry_holonomy_monolith/unified_reality_kernel_v7.py	16154	16146	a19cdacb1520c59db0fce5f40cc3af94b7b1ea5c	True
unified_reality_kernel_v7.py	2	systems/CIEL_OMEGA_COMPLETE_SYSTEM/ciel_omega/TODO/experimental/geometry_holonomy_monolith/unified_reality_kernel_v7.py	16154	16146	a19cdacb1520c59db0fce5f40cc3af94b7b1ea5c	True
rules_immutable.json	1	systems/CIEL_OMEGA_COMPLETE_SYSTEM/configs/rules_immutable.json	150	150	a03dd081b8f052a2c870a90bfa0a39a5e11510ac	True
rules_immutable.json	2	systems/CIEL_OMEGA_COMPLETE_SYSTEM/ciel_omega/configs/rules_immutable.json	150	150	a03dd081b8f052a2c870a90bfa0a39a5e11510ac	True
heuristics_user.json	1	systems/CIEL_OMEGA_COMPLETE_SYSTEM/configs/heuristics_user.json	255	255	0fc02fccf6d53c93d395fb2da6c6b89435a33ae4	True
heuristics_user.json	2	systems/CIEL_OMEGA_COMPLETE_SYSTEM/ciel_omega/configs/heuristics_user.json	255	255	0fc02fccf6d53c93d395fb2da6c6b89435a33ae4	True
heuristics_self.json	1	systems/CIEL_OMEGA_COMPLETE_SYSTEM/configs/heuristics_self.json	221	221	396d76b8964c6b8d364fb68d0c1ef89f0984e59e	True
heuristics_self.json	2	systems/CIEL_OMEGA_COMPLETE_SYSTEM/ciel_omega/configs/heuristics_self.json	221	221	396d76b8964c6b8d364fb68d0c1ef89f0984e59e	True
memory_ledger.db	1	systems/CIEL_OMEGA_COMPLETE_SYSTEM/CIEL_MEMORY_SYSTEM/TSM/ledger/memory_ledger.db	12288		f58e691ea5ed45c52146e76cc928d6f1ea9ceac3	False
memory_ledger.db	2	systems/CIEL_OMEGA_COMPLETE_SYSTEM/ciel_omega/CIEL_MEMORY_SYSTEM/TSM/ledger/memory_ledger.db	12288		2ca7a48686cdba3e501fb4ce8dfb23050bbc777a	False
cli.py	1	systems/CIEL_OMEGA_COMPLETE_SYSTEM/ciel_omega/memory/monolith/cli.py	4379	4372	240e3f1b5ae6a2d57c96981213c26b1b9b091f12	True
cli.py	2	systems/CIEL_OMEGA_COMPLETE_SYSTEM/ciel_omega/ciel/cli.py	1572	1572	7922b7f5135195aa6e144894cc913a01f8f6a42a	True
.gitignore	1	systems/CIEL_OMEGA_COMPLETE_SYSTEM/ciel_omega/TODO/from_old_runtime/.pytest_cache/.gitignore	37	37	cc9aa9dc139ca3d797f2c9c27f4a912b2461098b	True
.gitignore	2	systems/CIEL_OMEGA_COMPLETE_SYSTEM/ciel_omega/TODO/from_old_runtime/ciel_omega/.pytest_cache/.gitignore	37	37	cc9aa9dc139ca3d797f2c9c27f4a912b2461098b	True
CACHEDIR.TAG	1	systems/CIEL_OMEGA_COMPLETE_SYSTEM/ciel_omega/TODO/from_old_runtime/.pytest_cache/CACHEDIR.TAG	191		74a33d12cf1d479b4901bc0a0dd1cf02df998f0b	False
CACHEDIR.TAG	2	systems/CIEL_OMEGA_COMPLETE_SYSTEM/ciel_omega/TODO/from_old_runtime/ciel_omega/.pytest_cache/CACHEDIR.TAG	191		74a33d12cf1d479b4901bc0a0dd1cf02df998f0b	False
nodeids	1	systems/CIEL_OMEGA_COMPLETE_SYSTEM/ciel_omega/TODO/from_old_runtime/.pytest_cache/v/cache/nodeids	4812		59c595a462ae1f396711aacd1a55830e994adfbd	False
nodeids	2	systems/CIEL_OMEGA_COMPLETE_SYSTEM/ciel_omega/TODO/from_old_runtime/ciel_omega/.pytest_cache/v/cache/nodeids	4174		b0f4c99d56a5b5d6e692d0c9c98e4dbbdcad3092	False
defaults.py	1	systems/CIEL_OMEGA_COMPLETE_SYSTEM/ciel_omega/memory/monolith/defaults.py	2828	2821	7a0dbdc8bee69fa44fee80bfca5f9308789bf795	True
defaults.py	2	systems/CIEL_OMEGA_COMPLETE_SYSTEM/ciel_omega/core/braid/defaults.py	2479	2471	4ad62cada3fcc06276808e13f734cf0c042aab38	True
quantum_engine.py	1	systems/CIEL_OMEGA_COMPLETE_SYSTEM/ciel_omega/core/quantum/quantum_engine.py	22838	22684	b8102328d952f515097f35ef1bd1b162ee4917f9	True
quantum_engine.py	2	systems/CIEL_OMEGA_COMPLETE_SYSTEM/ciel_omega/emotion/cqcl/quantum_engine.py	3355	3343	c3ca6d82f44c17639796ad1ae75de4029f86c096	True
