duplicate_name	rank	relative_path	name	size_bytes	char_count	sha1
README.md	1	systems/CIEL_OMEGA_COMPLETE_SYSTEM/README.md	README.md	7470	7427	68853757515420cc03337614e9bbdfd2a4f5cc56
README.md	2	systems/CIEL_OMEGA_VOCABULARY_REFERENCE/vocabulary/README.md	README.md	6233	6049	d00ee2536ca8b80168d98f646da4db15bbdfba9a
README.md	3	systems/CIEL_OMEGA_MEMORY_REFERENCE_v3.1.7/TODO/vocabulary/README.md	README.md	6233	6049	d00ee2536ca8b80168d98f646da4db15bbdfba9a
README.md	4	systems/CIEL_OMEGA_COMPLETE_SYSTEM/ciel_omega/vocabulary/README.md	README.md	6233	6049	d00ee2536ca8b80168d98f646da4db15bbdfba9a
README.md	5	systems/CIEL_OMEGA_COMPLETE_SYSTEM/ciel_omega/TODO/vocabulary/README.md	README.md	6233	6049	d00ee2536ca8b80168d98f646da4db15bbdfba9a
README.md	6	systems/CIEL_OMEGA_MEMORY_REFERENCE_v3.1.7/README.md	README.md	4463	4314	c9882a01490151bf24f1705384190c67604c77e7
README.md	7	systems/CIEL_OMEGA_COMPLETE_SYSTEM/ciel_omega/README.md	README.md	4463	4314	c9882a01490151bf24f1705384190c67604c77e7
README.md	8	NONLOCAL_REPO_HYPERSPACE/README.md	README.md	1778	1778	b539dd4496d0be4a317b5a6d8589d9ac9465547c
README.md	9	README.md	README.md	1654	1654	431c8eb2e209cee643620247a8eed69b5378a0f4
README.md	10	systems/CIEL_FOUNDATIONS/README.md	README.md	1603	1603	da1ba1b0079a5b244cee1fbdc3039dbb60a50f66
README.md	11	systems/CIEL_OMEGA_COMPLETE_SYSTEM/ciel_omega/orbital/README.md	README.md	586	586	ea328065c5746caa52adcf44e2416c19dc24039a
README.md	12	systems/CIEL_OMEGA_MEMORY_REFERENCE_v3.1.7/TODO/experimental/README.md	README.md	536	536	3de2944ce82cbd607efdfaf09514150f02d1ac29
README.md	13	systems/CIEL_OMEGA_COMPLETE_SYSTEM/ciel_omega/TODO/experimental/README.md	README.md	536	536	3de2944ce82cbd607efdfaf09514150f02d1ac29
README.md	14	research/orbital_geodynamics_v3/README.md	README.md	482	481	a259d418c26e401ddbc1a6130390a162fbeb10ca
README.md	15	systems/CIEL_OMEGA_COMPLETE_SYSTEM/ciel_omega/bridge/README.md	README.md	477	477	a8ae32aaca5aff5598d44a4d3473365f93a1233d
README.md	16	research/orbital_geodynamics_v5/README.md	README.md	467	467	69fe717e0cca0380feb22e77bd04e8eae29d4fc9
README.md	17	systems/CIEL_OMEGA_COMPLETE_SYSTEM/ciel_omega/constraints/README.md	README.md	460	460	284291bc26b680a0799a8ec32333ee048f60aa45
README.md	18	systems/CIEL_OMEGA_COMPLETE_SYSTEM/ciel_omega/memory/README.md	README.md	446	446	ee0863090812e8daaa05d862c8c5c904c2e2f300
README.md	19	systems/CIEL_OMEGA_COMPLETE_SYSTEM/ciel_omega/fields/README.md	README.md	444	444	ef36a1a076ab48939bd2e4406acba2f46ff66d44
README.md	20	systems/CIEL_OMEGA_COMPLETE_SYSTEM/ciel_omega/runtime/README.md	README.md	415	415	ed966a61f8a409d5368669ff1378fbd9d4f17b35
README.md	21	systems/CIEL_OMEGA_COMPLETE_SYSTEM/ciel_omega/ext/README.md	README.md	383	367	ac60d84a86ec6831760a3e21087efe98e4fbe628
README.md	22	systems/CIEL_FOUNDATIONS/LaTeX/README.md	README.md	361	361	9cb87b726c786b5a88686abd5044dec21c218f17
README.md	23	research/orbital_geodynamics_v4/README.md	README.md	360	360	354a56a1178eb30751f280e1db637904adf6628b
README.md	24	research/orbital_geodynamics_v2/README.md	README.md	342	341	5257b8f314a0ce92ac8776d7cc3554f33de95263
README.md	25	systems/CIEL_FOUNDATIONS/operational_modes/README.md	README.md	331	331	d55e942799f4dd6c87e9d20368a15738004e3617
README.md	26	NONLOCAL_REPO_HYPERSPACE/TODO/README.md	README.md	286	286	5c56af93079ee74a1e886a62944e1beb67572476
README.md	27	systems/CIEL_OMEGA_MEMORY_REFERENCE_v3.1.7/TODO/experimental/geometry_holonomy_monolith/README.md	README.md	262	261	37abf84ea7dacb7f6b903e60e2ed1f900a0db5f1
README.md	28	systems/CIEL_OMEGA_COMPLETE_SYSTEM/ciel_omega/TODO/experimental/geometry_holonomy_monolith/README.md	README.md	262	261	37abf84ea7dacb7f6b903e60e2ed1f900a0db5f1
README.md	29	systems/CIEL_FOUNDATIONS/Simulations/README.md	README.md	238	238	79271c26e1ab97c2ec17fca2c0cff336875fb38b
README.md	30	NONLOCAL_REPO_HYPERSPACE/indices/README.md	README.md	227	227	cd6626b3d62ab7b8ead5e24fb78f7d5bb05b2b96
README.md	31	systems/CIEL_FOUNDATIONS/assumptions/README.md	README.md	217	217	ce57042ab94aae05564d6a9d2869bcb2ce52e295
README.md	32	systems/CIEL_FOUNDATIONS/artifacts/README.md	README.md	180	180	8e04e4f08f48ee49419acb8ddf64972615183190
README.md	33	systems/CIEL_FOUNDATIONS/decisions/README.md	README.md	174	174	6d922b8f877bce3d9d9f9c9dd5c530d7ce0c5826
README.md	34	systems/CIEL_FOUNDATIONS/bibliography/README.md	README.md	171	171	1a31e2244f493f57ac8a6274058c9ac547164df7
README.md	35	systems/CIEL_FOUNDATIONS/provenance/README.md	README.md	162	162	b13e9cdd67b5a9d4462f17c811f6e03f1bfbe82a
README.md	36	systems/CIEL_FOUNDATIONS/reverse_operational_modes/README.md	README.md	152	152	6326e76ff0b7cf964a7caa268c18ecffe0c7a2c9
README.md	37	systems/CIEL_FOUNDATIONS/sectors/cosmology/README.md	README.md	147	147	b7cf56a01515564395309397dfb9567254911048
README.md	38	systems/CIEL_FOUNDATIONS/sectors/neutrino/README.md	README.md	145	145	c858ae2294febb526b9f086bdea2823cf031e08f
README.md	39	systems/CIEL_FOUNDATIONS/interfaces/README.md	README.md	142	142	70470b789fbbfcf7a811946c1ac9a2a92c77d7a3
README.md	40	systems/CIEL_FOUNDATIONS/constants/Lambda0/README.md	README.md	142	142	819bc7698bcdb3fa82f2371125ad5401b28c3180
README.md	41	systems/CIEL_FOUNDATIONS/falsification/README.md	README.md	141	141	76892ecfb1bc4754bda18a44d779fcc1485778bf
README.md	42	systems/CIEL_FOUNDATIONS/sectors/hadron/README.md	README.md	141	141	2549ef573fef7d126341409c3932033f0c06f531
README.md	43	systems/CIEL_FOUNDATIONS/sectors/lepton/README.md	README.md	141	141	55fb8b54ab609d31fb841f7a8b81a4cead6b7fc6
README.md	44	systems/CIEL_FOUNDATIONS/sectors/quark/README.md	README.md	139	139	dbcff8f9bd8eac372ed82434d64a4622c7a9c643
README.md	45	systems/CIEL_FOUNDATIONS/constants/kappa/README.md	README.md	138	138	a07ae3e6ba0944614dd2ad1cec4e32e5bb8f9a92
README.md	46	systems/CIEL_FOUNDATIONS/constants/tau/README.md	README.md	134	134	ab0e11201e9ac516f114470fabf14a7037b8f077
README.md	47	systems/CIEL_FOUNDATIONS/constants/I0/README.md	README.md	132	132	6bdadbd56f277664f8213c6d166b70fd63b52557
README.md	48	systems/CIEL_FOUNDATIONS/archive/README.md	README.md	107	107	873998132ed9fd54e7ddb425513f12973eeccd89
README.md	49	systems/CIEL_FOUNDATIONS/benchmarks/README.md	README.md	103	103	90350554ac1752ccccac494073e626ea63896a96
README.md	50	integrations/README.md	README.md	100	100	1eafc0a036566b5a02be622c486e57d8a759c294
README.md	51	systems/CIEL_FOUNDATIONS/whitepapers/README.md	README.md	91	91	aa42b4eb787913a7c6a95702eca89e5b7cb9fd8b
README.md	52	systems/CIEL_FOUNDATIONS/environments/README.md	README.md	90	90	6c518a98b97e1f1737742e8418d9d3bb27626da8
README.md	53	systems/CIEL_FOUNDATIONS/src/ciel_foundations/initial_conditions/README.md	README.md	89	89	68b85881d2874fe6321f37d7806dd18acaf9b445
README.md	54	systems/CIEL_FOUNDATIONS/schemas/README.md	README.md	78	78	8c44d31431da1391f0cb5c07c428604d299affe2
README.md	55	systems/CIEL_FOUNDATIONS/tests/falsification/README.md	README.md	77	77	9d0629f3b9368b106e0a9264c6092e2378227c70
README.md	56	systems/CIEL_FOUNDATIONS/tests/numeric/README.md	README.md	77	77	9d0629f3b9368b106e0a9264c6092e2378227c70
README.md	57	systems/CIEL_FOUNDATIONS/tests/regression/README.md	README.md	77	77	9d0629f3b9368b106e0a9264c6092e2378227c70
README.md	58	systems/CIEL_FOUNDATIONS/tests/symbolic/README.md	README.md	77	77	9d0629f3b9368b106e0a9264c6092e2378227c70
README.md	59	systems/CIEL_FOUNDATIONS/src/ciel_foundations/bloch/README.md	README.md	76	76	84f42fec0903d1515f81d656fe6774e90be6594e
README.md	60	systems/CIEL_FOUNDATIONS/src/ciel_foundations/holonomy/README.md	README.md	75	75	351a32a2624f282f02fc13ff78a0b3818609fe53
README.md	61	systems/CIEL_FOUNDATIONS/src/ciel_foundations/genesis/README.md	README.md	72	72	5f945d2fe09cb41b47fdab5345f4fcd11d14061d
README.md	62	systems/CIEL_FOUNDATIONS/src/ciel_foundations/tau_solver/README.md	README.md	70	70	053cbd276b8b2ce1256195d0de7c9c2fe4ce26f1
README.md	63	systems/CIEL_FOUNDATIONS/archive/notebooks_quarantine/README.md	README.md	69	69	5a1c5a1b64d8a4cb77119cc3f64c5b1b31dfb002
README.md	64	systems/CIEL_FOUNDATIONS/Simulations/results/README.md	README.md	63	63	9c5a145146c4dd1f4e44c3fa803dd3f454bd2bb2
README.md	65	systems/CIEL_FOUNDATIONS/src/ciel_foundations/closure/README.md	README.md	58	58	7a2752801dcb73cf4d4d11ed51ea35a94438ea4b
README.md	66	systems/CIEL_FOUNDATIONS/Simulations/code/README.md	README.md	58	58	70c5865c3e6c51908ca7cf9f33797e73e2073991
README.md	67	docs/concepts/README.md	README.md	53	53	2abb6f28c1b75c3d305924ebb6fe700352147765
README.md	68	systems/CIEL_FOUNDATIONS/provenance/runs/README.md	README.md	40	40	21b7f6792a19871b3b7e39530894723bcc7286f3
README.md	69	systems/CIEL_FOUNDATIONS/provenance/datasets/README.md	README.md	38	38	fa272ab1c5cdc85bbd7e00b3327601c8a3998837
README.md	70	systems/CIEL_FOUNDATIONS/LaTeX/macros/README.md	README.md	29	29	2580294678c2786b2e02e589ba144211b1f40452
README.md	71	systems/CIEL_FOUNDATIONS/interpretations/ontology/README.md	README.md	27	27	a23d3b138446d0e596a46ab660c035cf8c4d2db9
README.md	72	systems/CIEL_FOUNDATIONS/interpretations/physics/README.md	README.md	26	26	bc9a1d48ee21d77fa3d06b645011a3002d8e4468
README.md	73	systems/CIEL_FOUNDATIONS/LaTeX/papers/README.md	README.md	26	26	0ebec97a8c9d87e3ce525477947046bca87cac6c
README.md	74	systems/CIEL_FOUNDATIONS/LaTeX/tables/README.md	README.md	25	25	bb7db356200e81db49a4c31779b365fd8f540f79
README.md	75	systems/CIEL_FOUNDATIONS/interpretations/limits/README.md	README.md	24	24	3b437b967499eecf03334920ab8f9b2dd9692afe
README.md	76	systems/CIEL_FOUNDATIONS/whitepapers/constants/README.md	README.md	23	23	1bfb9f6756cce4b78984571ca1e64da31ec0c82c
README.md	77	systems/CIEL_FOUNDATIONS/environments/lock/README.md	README.md	22	22	aea402ffca5c2a6124b922149fe792b04eb077f9
README.md	78	systems/CIEL_FOUNDATIONS/whitepapers/modules/README.md	README.md	21	21	3fb2dedf1834b9bb88c25fb6108d2173c842e4db
README.md	79	systems/CIEL_FOUNDATIONS/whitepapers/sectors/README.md	README.md	21	21	c2a36373bc5571ec7aad67a0c4e92b4e93e555dc
BLOCH_NETWORK_COMMAND_QUANTIZATION.md	1	BLOCH_NETWORK_COMMAND_QUANTIZATION.md	BLOCH_NETWORK_COMMAND_QUANTIZATION.md	7392	7392	1f964d9972a89ed5df9f2d202d612f065a3ed72c
BLOCH_NETWORK_COMMAND_QUANTIZATION.md	2	systems/CIEL_OMEGA_COMPLETE_SYSTEM/ciel_omega/TODO/latest_loose/BLOCH_NETWORK_COMMAND_QUANTIZATION.md	BLOCH_NETWORK_COMMAND_QUANTIZATION.md	7392	7392	1f964d9972a89ed5df9f2d202d612f065a3ed72c
SUMMARY.md	1	comparison_reports_last_merge/SUMMARY.md	SUMMARY.md	1799	1783	e6da28d154bdea958c3fd7d8400967ac34cb5320
SUMMARY.md	2	comparison_reports/SUMMARY.md	SUMMARY.md	1237	1237	814a4ccb255eda388099bf06d0b490f12373181c
summary.json	1	reports/global_orbital_coherence_pass/summary.json	summary.json	20080	20080	972912c9ab07423c2828003830cc035ed0506b83
summary.json	2	research/holonomic_observed_end_to_end/results/summary.json	summary.json	2252	2252	520866522b9bab75a4c7f1573b50ea174fa5495a
summary.json	3	research/holonomic_relations_research_grade/results/summary.json	summary.json	772	772	8d76c86864b746195bc00730445e270763ed494b
summary.json	4	comparison_reports/summary.json	summary.json	713	713	925897c7eaec37b0ce9531a8b9908894c80b5e72
summary.json	5	comparison_reports_last_merge/summary.json	summary.json	153	153	6bc192181aa5c5e4487cd7564ee8c2aefa859621
registry.yaml	1	systems/CIEL_FOUNDATIONS/operational_modes/registry.yaml	registry.yaml	1486	1486	72d6392e8e9f2abe661ce5b6b061a327321ff108
registry.yaml	2	NONLOCAL_REPO_HYPERSPACE/registry.yaml	registry.yaml	841	841	fa22b8e19b56149f1b29650b366cd204f6d717f1
registry.yaml	3	systems/CIEL_FOUNDATIONS/assumptions/registry.yaml	registry.yaml	831	831	cb6427c9cf3e9d4c270a3692049ee8a5aa4904c3
registry.yaml	4	systems/CIEL_FOUNDATIONS/axioms/registry.yaml	registry.yaml	776	776	30b5702017cade9c676640727511f955ca8c7a7d
registry.yaml	5	systems/CIEL_FOUNDATIONS/constants/registry.yaml	registry.yaml	643	643	c117faa57d3d1f291e1b76a9c13d9419b690475e
registry.yaml	6	systems/CIEL_FOUNDATIONS/reverse_operational_modes/registry.yaml	registry.yaml	386	386	68577bdeda00c36d7977818492e7b904583bc137
registry.yaml	7	systems/CIEL_FOUNDATIONS/benchmarks/registry.yaml	registry.yaml	353	353	cc740b1dc1fccb88b3931e1caeec973da3c20166
registry.yaml	8	systems/CIEL_FOUNDATIONS/artifacts/registry.yaml	registry.yaml	191	191	c5650208b9d93d5ff4f665ecd97bf357c5e2216d
registry.yaml	9	systems/CIEL_FOUNDATIONS/Simulations/registry.yaml	registry.yaml	169	169	11cfd69d90453ed17dbde5aecb8a8b437fe3de89
registry.yaml	10	systems/CIEL_FOUNDATIONS/definitions/registry.yaml	registry.yaml	39	39	5298d143e7c3e10abc34e59ba5c65fa2413ef6a1
summary.md	1	reports/global_orbital_coherence_pass/summary.md	summary.md	1363	1363	898cea3c73b9a88f63e47a63fd61985eb5bc4f9d
summary.md	2	research/holonomic_observed_end_to_end/results/summary.md	summary.md	1061	1061	c819e699d37bdd1df1d3b01f613c6cc9612e1b63
summary.md	3	research/holonomic_relations_research_grade/results/summary.md	summary.md	444	444	a7e22b1fac6d8e3f370296aca70032f193134a4f
general_data.json	1	data/observed_datasets_bundle/general_data.json	general_data.json	3307122	3300276	60dfaffffed7ffa6e7d0a1dfc8724f41c14425ca
general_data.json	2	research/holonomic_observed_end_to_end/data/general_data.json	general_data.json	3307122	3300276	60dfaffffed7ffa6e7d0a1dfc8724f41c14425ca
qa_data.json	1	data/observed_datasets_bundle/qa_data.json	qa_data.json	6164420	6143535	a7b0ca4648d6bcd7c01677a8740ad0a62ac725f3
qa_data.json	2	research/holonomic_observed_end_to_end/data/qa_data.json	qa_data.json	6164420	6143535	a7b0ca4648d6bcd7c01677a8740ad0a62ac725f3
summarization_data.json	1	data/observed_datasets_bundle/summarization_data.json	summarization_data.json	46992527	46851400	b47a5d5c07f09642a1cd43b6396b64811a6b074c
summarization_data.json	2	research/holonomic_observed_end_to_end/data/summarization_data.json	summarization_data.json	46992527	46851400	b47a5d5c07f09642a1cd43b6396b64811a6b074c
README.txt	1	research/holonomic_relations_research_grade/README.txt	README.txt	668	668	b6b505eeaeb148ab96c70cf895d9430a5081a187
README.txt	2	research/holonomic_observed_end_to_end/README.txt	README.txt	615	613	00b3bbb762ca14f6a6164fcfeeb62af1b0660839
README.txt	3	data/observed_datasets_bundle/README.txt	README.txt	341	341	602ef9fbbf41b584c06ec797202e3d805fcb5c46
model.py	1	systems/CIEL_OMEGA_COMPLETE_SYSTEM/ciel_omega/orbital/model.py	model.py	1285	1285	479e760b4d48d7cd753f0e3791750e5c11df2437
model.py	2	research/orbital_geodynamics_v5/model.py	model.py	937	937	edfb7105604c2160a51e01b0e5739637d59e380c
model.py	3	research/orbital_geodynamics_v3/model.py	model.py	878	878	7a1942c8b2cfb5daf7cec7b0f20eec794c688e33
model.py	4	research/orbital_geodynamics_v4/model.py	model.py	878	878	7a1942c8b2cfb5daf7cec7b0f20eec794c688e33
model.py	5	research/orbital_geodynamics_v2/model.py	model.py	855	855	15099d6a63ed448084683e43ca974ce280e4028d
model.py	6	systems/CIEL_FOUNDATIONS/src/ciel_foundations/initial_conditions/model.py	model.py	175	175	8dd618c63c1d8b244a99fa053e54a9ef4a468053
registry.py	1	systems/CIEL_OMEGA_COMPLETE_SYSTEM/ciel_omega/orbital/registry.py	registry.py	1712	1712	9bee8e7cd50547ee8176a69f69ff56f5c2d8a3a4
registry.py	2	research/orbital_geodynamics_v5/registry.py	registry.py	598	598	747044bd515f3c0c27087cd620c7da212ef0b0cf
registry.py	3	research/orbital_geodynamics_v2/registry.py	registry.py	543	543	8d076822e9ad048915b59734ee22bf6db4fb8cc7
registry.py	4	research/orbital_geodynamics_v3/registry.py	registry.py	543	543	8d076822e9ad048915b59734ee22bf6db4fb8cc7
registry.py	5	research/orbital_geodynamics_v4/registry.py	registry.py	543	543	8d076822e9ad048915b59734ee22bf6db4fb8cc7
metrics.py	1	systems/CIEL_OMEGA_COMPLETE_SYSTEM/ciel_omega/orbital/metrics.py	metrics.py	13244	13244	034a9bf3b1f9a08f80a3347de2d64f9788ab6931
metrics.py	2	research/orbital_geodynamics_v5/metrics.py	metrics.py	7554	7554	841393312b01ce56616e53b0ca07aab42a921d4c
metrics.py	3	research/orbital_geodynamics_v4/metrics.py	metrics.py	5961	5961	dbc3c189de97dfbf3a5af4282d6607de222356c7
metrics.py	4	research/orbital_geodynamics_v3/metrics.py	metrics.py	5249	5249	dab48de1badd0e1e7fbef56381c4d9e28bcd39b7
metrics.py	5	research/orbital_geodynamics_v2/metrics.py	metrics.py	2848	2848	1424de4f417905c6a198ff2aef1df132c5a5981f
dynamics.py	1	systems/CIEL_OMEGA_MEMORY_REFERENCE_v3.1.7/memory/dynamics.py	dynamics.py	13974	13954	0a36a5338fe3f9a534ae06754b074df6a11b3a3e
dynamics.py	2	systems/CIEL_OMEGA_COMPLETE_SYSTEM/ciel_omega/memory/dynamics.py	dynamics.py	13974	13954	0a36a5338fe3f9a534ae06754b074df6a11b3a3e
dynamics.py	3	systems/CIEL_OMEGA_COMPLETE_SYSTEM/ciel_omega/orbital/dynamics.py	dynamics.py	9089	9089	31c05236abcc018061aca8b2901ac2c91617cf60
dynamics.py	4	research/orbital_geodynamics_v5/dynamics.py	dynamics.py	4061	4061	ac9e744a2c4f3cdd0d8c42a5331d29434e4244f2
dynamics.py	5	research/orbital_geodynamics_v4/dynamics.py	dynamics.py	3967	3967	3439395b819cd25ac6c014fb5aae9f784f02a93a
dynamics.py	6	research/orbital_geodynamics_v3/dynamics.py	dynamics.py	2836	2836	877d717030f21958bd3b57859714ccbf546238d3
dynamics.py	7	research/orbital_geodynamics_v2/dynamics.py	dynamics.py	2237	2237	0bc4fcb8dd887c861a80953383a448b326065109
extract_real_geometry_v3.py	1	research/orbital_geodynamics_v3/extract_real_geometry_v3.py	extract_real_geometry_v3.py	1221	1221	fc9157413ea4717809fd3328204ee4ea495ed133
extract_real_geometry_v3.py	2	research/orbital_geodynamics_v4/extract_real_geometry_v3.py	extract_real_geometry_v3.py	1221	1221	fc9157413ea4717809fd3328204ee4ea495ed133
extract_real_geometry_v3.py	3	research/orbital_geodynamics_v5/extract_real_geometry_v3.py	extract_real_geometry_v3.py	1221	1221	fc9157413ea4717809fd3328204ee4ea495ed133
run_v3_demo.py	1	research/orbital_geodynamics_v3/run_v3_demo.py	run_v3_demo.py	2630	2630	0f654020716e1f3033ec5cb0e3d8af010fbd0ef2
run_v3_demo.py	2	research/orbital_geodynamics_v4/run_v3_demo.py	run_v3_demo.py	2630	2630	0f654020716e1f3033ec5cb0e3d8af010fbd0ef2
run_v3_demo.py	3	research/orbital_geodynamics_v5/run_v3_demo.py	run_v3_demo.py	2630	2630	0f654020716e1f3033ec5cb0e3d8af010fbd0ef2
run_v4_demo.py	1	research/orbital_geodynamics_v4/run_v4_demo.py	run_v4_demo.py	2431	2431	185ca04cfa89a14562fa385eceea9c0bc63c0484
run_v4_demo.py	2	research/orbital_geodynamics_v5/run_v4_demo.py	run_v4_demo.py	2431	2431	185ca04cfa89a14562fa385eceea9c0bc63c0484
real_geometry_extraction_v3.json	1	research/orbital_geodynamics_v5/results/real_geometry_extraction_v3.json	real_geometry_extraction_v3.json	5824	5824	0d391afd65ebcd2981c5a658447058994a790074
real_geometry_extraction_v3.json	2	research/orbital_geodynamics_v4/results/real_geometry_extraction_v3.json	real_geometry_extraction_v3.json	5824	5824	0d391afd65ebcd2981c5a658447058994a790074
real_geometry_extraction_v3.json	3	research/orbital_geodynamics_v3/results/real_geometry_extraction_v3.json	real_geometry_extraction_v3.json	5824	5824	0d391afd65ebcd2981c5a658447058994a790074
v3_demo_results.json	1	research/orbital_geodynamics_v5/results/v3_demo_results.json	v3_demo_results.json	12196	12196	5179f6d0d5966859be8fbc4bfaa777060236c50c
v3_demo_results.json	2	research/orbital_geodynamics_v4/results/v3_demo_results.json	v3_demo_results.json	12196	12196	5179f6d0d5966859be8fbc4bfaa777060236c50c
v3_demo_results.json	3	research/orbital_geodynamics_v3/results/v3_demo_results.json	v3_demo_results.json	12196	12196	5179f6d0d5966859be8fbc4bfaa777060236c50c
v2_vs_v3_comparison.json	1	research/orbital_geodynamics_v5/results/v2_vs_v3_comparison.json	v2_vs_v3_comparison.json	592	592	c6c3c07e277c616d0433f67903c202f1b70d1a30
v2_vs_v3_comparison.json	2	research/orbital_geodynamics_v4/results/v2_vs_v3_comparison.json	v2_vs_v3_comparison.json	592	592	c6c3c07e277c616d0433f67903c202f1b70d1a30
v2_vs_v3_comparison.json	3	research/orbital_geodynamics_v3/results/v2_vs_v3_comparison.json	v2_vs_v3_comparison.json	592	592	c6c3c07e277c616d0433f67903c202f1b70d1a30
v3_report.md	1	research/orbital_geodynamics_v5/results/v3_report.md	v3_report.md	1754	1754	09812059f888083f5b15234477b40716de76ee0f
v3_report.md	2	research/orbital_geodynamics_v4/results/v3_report.md	v3_report.md	1754	1754	09812059f888083f5b15234477b40716de76ee0f
v3_report.md	3	research/orbital_geodynamics_v3/results/v3_report.md	v3_report.md	1754	1754	09812059f888083f5b15234477b40716de76ee0f
v4_demo_results.json	1	research/orbital_geodynamics_v5/results/v4_demo_results.json	v4_demo_results.json	10799	10799	e23b6ab595db6f01f6111307d6b6e5d130ee99a3
v4_demo_results.json	2	research/orbital_geodynamics_v4/results/v4_demo_results.json	v4_demo_results.json	10799	10799	e23b6ab595db6f01f6111307d6b6e5d130ee99a3
v3_vs_v4_comparison.json	1	research/orbital_geodynamics_v5/results/v3_vs_v4_comparison.json	v3_vs_v4_comparison.json	350	350	448057f4cbd7c6e247b89748bf11f333ae80f398
v3_vs_v4_comparison.json	2	research/orbital_geodynamics_v4/results/v3_vs_v4_comparison.json	v3_vs_v4_comparison.json	350	350	448057f4cbd7c6e247b89748bf11f333ae80f398
v4_report.md	1	research/orbital_geodynamics_v5/results/v4_report.md	v4_report.md	437	437	3e9ba78432a2dcb229210e4eb75e2f532f44a310
v4_report.md	2	research/orbital_geodynamics_v4/results/v4_report.md	v4_report.md	437	437	3e9ba78432a2dcb229210e4eb75e2f532f44a310
test_v3_basic.py	1	research/orbital_geodynamics_v5/tests/test_v3_basic.py	test_v3_basic.py	1277	1277	899dabe8f0b3e9a12c50870c6946cd9d1655f1b1
test_v3_basic.py	2	research/orbital_geodynamics_v4/tests/test_v3_basic.py	test_v3_basic.py	1277	1277	899dabe8f0b3e9a12c50870c6946cd9d1655f1b1
test_v3_basic.py	3	research/orbital_geodynamics_v3/tests/test_v3_basic.py	test_v3_basic.py	1277	1277	899dabe8f0b3e9a12c50870c6946cd9d1655f1b1
test_v3_vs_v2.py	1	research/orbital_geodynamics_v5/tests/test_v3_vs_v2.py	test_v3_vs_v2.py	510	510	07cbba805838300de6504fd8f5652e99cace6e9c
test_v3_vs_v2.py	2	research/orbital_geodynamics_v4/tests/test_v3_vs_v2.py	test_v3_vs_v2.py	510	510	07cbba805838300de6504fd8f5652e99cace6e9c
test_v3_vs_v2.py	3	research/orbital_geodynamics_v3/tests/test_v3_vs_v2.py	test_v3_vs_v2.py	510	510	07cbba805838300de6504fd8f5652e99cace6e9c
sectors_real_v3.json	1	research/orbital_geodynamics_v5/config/sectors_real_v3.json	sectors_real_v3.json	2326	2326	2fbf9765adc8dd461efadb2c87c022ae635310e7
sectors_real_v3.json	2	research/orbital_geodynamics_v4/config/sectors_real_v3.json	sectors_real_v3.json	2326	2326	2fbf9765adc8dd461efadb2c87c022ae635310e7
sectors_real_v3.json	3	research/orbital_geodynamics_v3/config/sectors_real_v3.json	sectors_real_v3.json	2326	2326	2fbf9765adc8dd461efadb2c87c022ae635310e7
couplings_real_v3.json	1	research/orbital_geodynamics_v5/config/couplings_real_v3.json	couplings_real_v3.json	521	521	86e469d43d8811c5852e546b1e77651548685b1a
couplings_real_v3.json	2	research/orbital_geodynamics_v4/config/couplings_real_v3.json	couplings_real_v3.json	521	521	48b69b451bb4b170505dc4dff29614a4924da0dd
couplings_real_v3.json	3	research/orbital_geodynamics_v3/config/couplings_real_v3.json	couplings_real_v3.json	521	521	14451704906179413c22595a78af0104e233effc
sectors_real_v4.json	1	research/orbital_geodynamics_v5/config/sectors_real_v4.json	sectors_real_v4.json	2326	2326	2fbf9765adc8dd461efadb2c87c022ae635310e7
sectors_real_v4.json	2	research/orbital_geodynamics_v4/config/sectors_real_v4.json	sectors_real_v4.json	2326	2326	2fbf9765adc8dd461efadb2c87c022ae635310e7
couplings_real_v4.json	1	research/orbital_geodynamics_v5/config/couplings_real_v4.json	couplings_real_v4.json	521	521	c6fc7a9dd4525df80c166c844b6f8fbfe66a8f7d
couplings_real_v4.json	2	research/orbital_geodynamics_v4/config/couplings_real_v4.json	couplings_real_v4.json	521	521	efe3f1ebb83753cc305c0083e9afae95e1529b1c
results_snippet.tex	1	research/holonomic_observed_end_to_end/report/results_snippet.tex	results_snippet.tex	908	908	1b3c7ed39d86fedc133dcb1f7fddc380809c5f78
results_snippet.tex	2	research/holonomic_relations_research_grade/latex/results_snippet.tex	results_snippet.tex	483	483	3091449a90120c8d210b381a574cc175eba9af4d
interpretation.md	1	research/holonomic_relations_research_grade/notes/interpretation.md	interpretation.md	731	731	f1779de30bfd5ed0e41c182ee0d00ad1cf7d3c0c
interpretation.md	2	systems/CIEL_FOUNDATIONS/constants/Lambda0/interpretation.md	interpretation.md	84	84	2982607ac170fcea7c8c11a1c59f95f62003f831
interpretation.md	3	systems/CIEL_FOUNDATIONS/constants/kappa/interpretation.md	interpretation.md	82	82	4f05bfa51549ace2638b493df0f61a3927e5d205
interpretation.md	4	systems/CIEL_FOUNDATIONS/constants/tau/interpretation.md	interpretation.md	80	80	a629c7655c1632ca89babd97d02f1b805a166fa4
interpretation.md	5	systems/CIEL_FOUNDATIONS/constants/I0/interpretation.md	interpretation.md	79	79	953797ca5dd4a1df1b99f9bf7354b33d96dd8fb7
MEMORY_SECTOR_MANIFEST.md	1	systems/CIEL_OMEGA_MEMORY_REFERENCE_v3.1.7/MEMORY_SECTOR_MANIFEST.md	MEMORY_SECTOR_MANIFEST.md	1030	1030	b344d1b15019734c0c07efec2b85f8df0e7beb17
MEMORY_SECTOR_MANIFEST.md	2	systems/CIEL_OMEGA_COMPLETE_SYSTEM/ciel_omega/MEMORY_SECTOR_MANIFEST.md	MEMORY_SECTOR_MANIFEST.md	1030	1030	b344d1b15019734c0c07efec2b85f8df0e7beb17
demo_ciel_omega_complete.py	1	systems/CIEL_OMEGA_MEMORY_REFERENCE_v3.1.7/demo_ciel_omega_complete.py	demo_ciel_omega_complete.py	18268	18120	488fbba8bff993e1a1f90e2a3b88568623a92af1
demo_ciel_omega_complete.py	2	systems/CIEL_OMEGA_COMPLETE_SYSTEM/ciel_omega/demo_ciel_omega_complete.py	demo_ciel_omega_complete.py	18268	18120	488fbba8bff993e1a1f90e2a3b88568623a92af1
demo_full_pipeline.py	1	systems/CIEL_OMEGA_MEMORY_REFERENCE_v3.1.7/demo_full_pipeline.py	demo_full_pipeline.py	25322	22424	e6c56785735576e2b4854fc505e67649de803732
demo_full_pipeline.py	2	systems/CIEL_OMEGA_COMPLETE_SYSTEM/ciel_omega/demo_full_pipeline.py	demo_full_pipeline.py	25322	22424	e6c56785735576e2b4854fc505e67649de803732
demo_holonomic_orchestrator.py	1	systems/CIEL_OMEGA_MEMORY_REFERENCE_v3.1.7/demo_holonomic_orchestrator.py	demo_holonomic_orchestrator.py	3236	3236	fe03d1c7535b951f2f57a079f58b6d8f9a063168
demo_holonomic_orchestrator.py	2	systems/CIEL_OMEGA_COMPLETE_SYSTEM/ciel_omega/demo_holonomic_orchestrator.py	demo_holonomic_orchestrator.py	3236	3236	fe03d1c7535b951f2f57a079f58b6d8f9a063168
demo_holonomy_eba.py	1	systems/CIEL_OMEGA_MEMORY_REFERENCE_v3.1.7/demo_holonomy_eba.py	demo_holonomy_eba.py	11867	11726	89b2f58719c589c38dce8efa027e08fca2e49a6c
demo_holonomy_eba.py	2	systems/CIEL_OMEGA_COMPLETE_SYSTEM/ciel_omega/demo_holonomy_eba.py	demo_holonomy_eba.py	11867	11726	89b2f58719c589c38dce8efa027e08fca2e49a6c
demo_m0_perceptual_memory.py	1	systems/CIEL_OMEGA_MEMORY_REFERENCE_v3.1.7/demo_m0_perceptual_memory.py	demo_m0_perceptual_memory.py	1575	1574	401c3616cee2a5060ba003c3affdde88245d532f
demo_m0_perceptual_memory.py	2	systems/CIEL_OMEGA_COMPLETE_SYSTEM/ciel_omega/demo_m0_perceptual_memory.py	demo_m0_perceptual_memory.py	1575	1574	401c3616cee2a5060ba003c3affdde88245d532f
demo_m1_working_memory.py	1	systems/CIEL_OMEGA_MEMORY_REFERENCE_v3.1.7/demo_m1_working_memory.py	demo_m1_working_memory.py	1388	1382	a25591c6e0fd6a36b9539b1a99c4de91550f5eaa
demo_m1_working_memory.py	2	systems/CIEL_OMEGA_COMPLETE_SYSTEM/ciel_omega/demo_m1_working_memory.py	demo_m1_working_memory.py	1388	1382	a25591c6e0fd6a36b9539b1a99c4de91550f5eaa
demo_m3_semantic_memory.py	1	systems/CIEL_OMEGA_MEMORY_REFERENCE_v3.1.7/demo_m3_semantic_memory.py	demo_m3_semantic_memory.py	2932	2931	77f49c7a9511780423232233b1aea803c406a64a
demo_m3_semantic_memory.py	2	systems/CIEL_OMEGA_COMPLETE_SYSTEM/ciel_omega/demo_m3_semantic_memory.py	demo_m3_semantic_memory.py	2932	2931	77f49c7a9511780423232233b1aea803c406a64a
demo_m4_procedural_memory.py	1	systems/CIEL_OMEGA_MEMORY_REFERENCE_v3.1.7/demo_m4_procedural_memory.py	demo_m4_procedural_memory.py	2411	2410	9613def01de6d19c0ff2affe4bd49611db372952
demo_m4_procedural_memory.py	2	systems/CIEL_OMEGA_COMPLETE_SYSTEM/ciel_omega/demo_m4_procedural_memory.py	demo_m4_procedural_memory.py	2411	2410	9613def01de6d19c0ff2affe4bd49611db372952
demo_m5_affective_memory.py	1	systems/CIEL_OMEGA_MEMORY_REFERENCE_v3.1.7/demo_m5_affective_memory.py	demo_m5_affective_memory.py	2367	2367	e2cc0ec1e40771eb768b4214fd140e84930f8dab
demo_m5_affective_memory.py	2	systems/CIEL_OMEGA_COMPLETE_SYSTEM/ciel_omega/demo_m5_affective_memory.py	demo_m5_affective_memory.py	2367	2367	e2cc0ec1e40771eb768b4214fd140e84930f8dab
demo_m6_identity_memory.py	1	systems/CIEL_OMEGA_MEMORY_REFERENCE_v3.1.7/demo_m6_identity_memory.py	demo_m6_identity_memory.py	10966	10916	df6b8fd76524a13fdcf6903ec2ec83e84313c3b9
demo_m6_identity_memory.py	2	systems/CIEL_OMEGA_COMPLETE_SYSTEM/ciel_omega/demo_m6_identity_memory.py	demo_m6_identity_memory.py	10966	10916	df6b8fd76524a13fdcf6903ec2ec83e84313c3b9
demo_memory_system.py	1	systems/CIEL_OMEGA_MEMORY_REFERENCE_v3.1.7/demo_memory_system.py	demo_memory_system.py	13067	13033	8755e7ea9e64de1101dd14be4e632a1d668d80ad
demo_memory_system.py	2	systems/CIEL_OMEGA_COMPLETE_SYSTEM/ciel_omega/demo_memory_system.py	demo_memory_system.py	13067	13033	8755e7ea9e64de1101dd14be4e632a1d668d80ad
demo_validation_fixes.py	1	systems/CIEL_OMEGA_MEMORY_REFERENCE_v3.1.7/demo_validation_fixes.py	demo_validation_fixes.py	10250	10155	849985da385cc31a2fe9804e8b81fba1439a11b3
demo_validation_fixes.py	2	systems/CIEL_OMEGA_COMPLETE_SYSTEM/ciel_omega/demo_validation_fixes.py	demo_validation_fixes.py	10250	10155	849985da385cc31a2fe9804e8b81fba1439a11b3
test_affective_memory.py	1	systems/CIEL_OMEGA_MEMORY_REFERENCE_v3.1.7/test_affective_memory.py	test_affective_memory.py	3397	3396	03274c54c1280fc340e37c6941d4a0924ec74733
test_affective_memory.py	2	systems/CIEL_OMEGA_COMPLETE_SYSTEM/ciel_omega/test_affective_memory.py	test_affective_memory.py	3397	3396	03274c54c1280fc340e37c6941d4a0924ec74733
test_affective_memory_consolidation.py	1	systems/CIEL_OMEGA_MEMORY_REFERENCE_v3.1.7/test_affective_memory_consolidation.py	test_affective_memory_consolidation.py	2839	2838	6577a9021ee3723e27af7b5eb04c93831bdaa61a
test_affective_memory_consolidation.py	2	systems/CIEL_OMEGA_COMPLETE_SYSTEM/ciel_omega/test_affective_memory_consolidation.py	test_affective_memory_consolidation.py	2839	2838	6577a9021ee3723e27af7b5eb04c93831bdaa61a
test_alignment_strengthening.py	1	systems/CIEL_OMEGA_MEMORY_REFERENCE_v3.1.7/test_alignment_strengthening.py	test_alignment_strengthening.py	3245	3225	190ac7aea28ae3153e8e287bd33abe5992223b0a
test_alignment_strengthening.py	2	systems/CIEL_OMEGA_COMPLETE_SYSTEM/ciel_omega/test_alignment_strengthening.py	test_alignment_strengthening.py	3245	3225	190ac7aea28ae3153e8e287bd33abe5992223b0a
test_defect_minimization.py	1	systems/CIEL_OMEGA_MEMORY_REFERENCE_v3.1.7/test_defect_minimization.py	test_defect_minimization.py	2465	2458	a294df1e60f63f17472879bfdda5fe2d849d3ae7
test_defect_minimization.py	2	systems/CIEL_OMEGA_COMPLETE_SYSTEM/ciel_omega/test_defect_minimization.py	test_defect_minimization.py	2465	2458	a294df1e60f63f17472879bfdda5fe2d849d3ae7
test_grid_stability.py	1	systems/CIEL_OMEGA_MEMORY_REFERENCE_v3.1.7/test_grid_stability.py	test_grid_stability.py	4211	4191	a4850f6b23bf3e39edbaa2c4b3ba7d28fcb24f0c
test_grid_stability.py	2	systems/CIEL_OMEGA_COMPLETE_SYSTEM/ciel_omega/test_grid_stability.py	test_grid_stability.py	4211	4191	a4850f6b23bf3e39edbaa2c4b3ba7d28fcb24f0c
test_holonomic_orchestrator.py	1	systems/CIEL_OMEGA_MEMORY_REFERENCE_v3.1.7/test_holonomic_orchestrator.py	test_holonomic_orchestrator.py	2442	2442	5111aa3af9d4c725e58c7c064dddc455671dc61c
test_holonomic_orchestrator.py	2	systems/CIEL_OMEGA_COMPLETE_SYSTEM/ciel_omega/test_holonomic_orchestrator.py	test_holonomic_orchestrator.py	2442	2442	5111aa3af9d4c725e58c7c064dddc455671dc61c
test_m6_1_acceptance.py	1	systems/CIEL_OMEGA_MEMORY_REFERENCE_v3.1.7/test_m6_1_acceptance.py	test_m6_1_acceptance.py	13159	13102	950af02ffae3f6200d46437ffb67dc2d1e03411c
test_m6_1_acceptance.py	2	systems/CIEL_OMEGA_COMPLETE_SYSTEM/ciel_omega/test_m6_1_acceptance.py	test_m6_1_acceptance.py	13159	13102	950af02ffae3f6200d46437ffb67dc2d1e03411c
test_memory_sector_integration.py	1	systems/CIEL_OMEGA_MEMORY_REFERENCE_v3.1.7/test_memory_sector_integration.py	test_memory_sector_integration.py	2794	2794	091fad762725e6122df27ec68ec02133655e30ce
test_memory_sector_integration.py	2	systems/CIEL_OMEGA_COMPLETE_SYSTEM/ciel_omega/test_memory_sector_integration.py	test_memory_sector_integration.py	2794	2794	091fad762725e6122df27ec68ec02133655e30ce
test_perceptual_memory.py	1	systems/CIEL_OMEGA_MEMORY_REFERENCE_v3.1.7/test_perceptual_memory.py	test_perceptual_memory.py	3116	3115	eee015f249b6d41564f8416746fbbaa9c910540e
test_perceptual_memory.py	2	systems/CIEL_OMEGA_COMPLETE_SYSTEM/ciel_omega/test_perceptual_memory.py	test_perceptual_memory.py	3116	3115	eee015f249b6d41564f8416746fbbaa9c910540e
test_perceptual_memory_consolidation.py	1	systems/CIEL_OMEGA_MEMORY_REFERENCE_v3.1.7/test_perceptual_memory_consolidation.py	test_perceptual_memory_consolidation.py	2242	2241	4e8a01a5308f4c972ba5860de5e35e61e562be9c
test_perceptual_memory_consolidation.py	2	systems/CIEL_OMEGA_COMPLETE_SYSTEM/ciel_omega/test_perceptual_memory_consolidation.py	test_perceptual_memory_consolidation.py	2242	2241	4e8a01a5308f4c972ba5860de5e35e61e562be9c
test_procedural_memory.py	1	systems/CIEL_OMEGA_MEMORY_REFERENCE_v3.1.7/test_procedural_memory.py	test_procedural_memory.py	4200	4199	e8963e336c12ebed3612a755e79075fbf11dde73
test_procedural_memory.py	2	systems/CIEL_OMEGA_COMPLETE_SYSTEM/ciel_omega/test_procedural_memory.py	test_procedural_memory.py	4200	4199	e8963e336c12ebed3612a755e79075fbf11dde73
test_procedural_memory_consolidation.py	1	systems/CIEL_OMEGA_MEMORY_REFERENCE_v3.1.7/test_procedural_memory_consolidation.py	test_procedural_memory_consolidation.py	2715	2714	8de019aa58a742b4fea1ea91b61c9a65200d43bb
test_procedural_memory_consolidation.py	2	systems/CIEL_OMEGA_COMPLETE_SYSTEM/ciel_omega/test_procedural_memory_consolidation.py	test_procedural_memory_consolidation.py	2715	2714	8de019aa58a742b4fea1ea91b61c9a65200d43bb
test_semantic_memory.py	1	systems/CIEL_OMEGA_MEMORY_REFERENCE_v3.1.7/test_semantic_memory.py	test_semantic_memory.py	4397	4396	0e307ba15f83a8ec8b9b2284da50d47f71427d58
test_semantic_memory.py	2	systems/CIEL_OMEGA_COMPLETE_SYSTEM/ciel_omega/test_semantic_memory.py	test_semantic_memory.py	4397	4396	0e307ba15f83a8ec8b9b2284da50d47f71427d58
test_semantic_memory_consolidation.py	1	systems/CIEL_OMEGA_MEMORY_REFERENCE_v3.1.7/test_semantic_memory_consolidation.py	test_semantic_memory_consolidation.py	2746	2745	fa2f663c94cb241628c0ec328102300c30b18b2e
test_semantic_memory_consolidation.py	2	systems/CIEL_OMEGA_COMPLETE_SYSTEM/ciel_omega/test_semantic_memory_consolidation.py	test_semantic_memory_consolidation.py	2746	2745	fa2f663c94cb241628c0ec328102300c30b18b2e
test_working_memory.py	1	systems/CIEL_OMEGA_MEMORY_REFERENCE_v3.1.7/test_working_memory.py	test_working_memory.py	3285	3284	e331a22e847a0a06ca854595ddb271e2f80d768e
test_working_memory.py	2	systems/CIEL_OMEGA_COMPLETE_SYSTEM/ciel_omega/test_working_memory.py	test_working_memory.py	3285	3284	e331a22e847a0a06ca854595ddb271e2f80d768e
test_working_memory_consolidation.py	1	systems/CIEL_OMEGA_MEMORY_REFERENCE_v3.1.7/test_working_memory_consolidation.py	test_working_memory_consolidation.py	2188	2187	ee7a52d71877b05ff33f09afcb395de554082e34
test_working_memory_consolidation.py	2	systems/CIEL_OMEGA_COMPLETE_SYSTEM/ciel_omega/test_working_memory_consolidation.py	test_working_memory_consolidation.py	2188	2187	ee7a52d71877b05ff33f09afcb395de554082e34
__init__.py	1	systems/CIEL_OMEGA_MEMORY_REFERENCE_v3.1.7/memory/__init__.py	__init__.py	3957	3956	23c78fcdf6b3fe14911cfcaf9f7357ed1ab2ee57
__init__.py	2	systems/CIEL_OMEGA_COMPLETE_SYSTEM/ciel_omega/memory/__init__.py	__init__.py	3957	3956	23c78fcdf6b3fe14911cfcaf9f7357ed1ab2ee57
__init__.py	3	systems/CIEL_OMEGA_VOCABULARY_REFERENCE/vocabulary/__init__.py	__init__.py	2319	2317	4c0192faaf9e22f0ba8e27a98f1aabb16938e114
__init__.py	4	systems/CIEL_OMEGA_MEMORY_REFERENCE_v3.1.7/TODO/vocabulary/__init__.py	__init__.py	2319	2317	4c0192faaf9e22f0ba8e27a98f1aabb16938e114
__init__.py	5	systems/CIEL_OMEGA_COMPLETE_SYSTEM/ciel_omega/vocabulary/__init__.py	__init__.py	2319	2317	4c0192faaf9e22f0ba8e27a98f1aabb16938e114
__init__.py	6	systems/CIEL_OMEGA_COMPLETE_SYSTEM/ciel_omega/TODO/vocabulary/__init__.py	__init__.py	2319	2317	4c0192faaf9e22f0ba8e27a98f1aabb16938e114
__init__.py	7	systems/CIEL_OMEGA_COMPLETE_SYSTEM/ciel_omega/core/braid/__init__.py	__init__.py	676	676	1eb92da25f79c66b375ce0a54433049e2d372892
__init__.py	8	systems/CIEL_OMEGA_COMPLETE_SYSTEM/ciel_omega/config/__init__.py	__init__.py	575	574	d6c79aad8b9c7f9caec38d4b7ccb32e496379b21
__init__.py	9	systems/CIEL_OMEGA_COMPLETE_SYSTEM/ciel_omega/memory/monolith/__init__.py	__init__.py	467	464	2937140b2e29120cf1468c85215f94fcf468a1a4
__init__.py	10	systems/CIEL_OMEGA_COMPLETE_SYSTEM/ciel_omega/ciel/__init__.py	__init__.py	395	392	6afb9711ec68dbb4d2209ebe7848f918ce337daf
__init__.py	11	systems/CIEL_OMEGA_COMPLETE_SYSTEM/ciel_omega/constraints/__init__.py	__init__.py	361	361	882dd9e10732f9a290ea70641c7365f51650c9b3
__init__.py	12	systems/CIEL_OMEGA_COMPLETE_SYSTEM/ciel_omega/emotion/cqcl/__init__.py	__init__.py	327	324	7eb101e0dece5f5ff2fbc94c8b503fb8f0b2c15a
__init__.py	13	systems/CIEL_OMEGA_COMPLETE_SYSTEM/ciel_omega/orbital/__init__.py	__init__.py	297	297	d4e9ec2845447637e8699dea52215e841a414246
__init__.py	14	systems/CIEL_OMEGA_COMPLETE_SYSTEM/ciel_omega/__init__.py	__init__.py	289	286	97b951d88c6eab9ff1b1ec009f534e797d2d3fcf
__init__.py	15	systems/CIEL_OMEGA_COMPLETE_SYSTEM/ciel_omega/fields/__init__.py	__init__.py	269	265	be1d7ff058dd8ec9ed4c2768f7639bae167065ef
__init__.py	16	systems/CIEL_OMEGA_COMPLETE_SYSTEM/ciel_omega/resonance/__init__.py	__init__.py	248	245	455b22517ac496590995a52a01f15ba1b67b2e90
__init__.py	17	systems/CIEL_OMEGA_COMPLETE_SYSTEM/ciel_omega/ciel_wave/__init__.py	__init__.py	237	234	99a8759606fc38ea68ea999332d66f099b5a4f1f
__init__.py	18	systems/CIEL_OMEGA_COMPLETE_SYSTEM/ciel_omega/experiments/intentional_tetra_or/__init__.py	__init__.py	233	230	8ccd33720b25301ab6a402691d7d1816d4915f38
__init__.py	19	systems/CIEL_OMEGA_COMPLETE_SYSTEM/ciel_omega/core/__init__.py	__init__.py	210	209	95dc21f97fb49682fb2083ae090f0f6ebbe8f8df
__init__.py	20	systems/CIEL_OMEGA_COMPLETE_SYSTEM/ciel_omega/ciel/memory/__init__.py	__init__.py	159	156	24812d4c4b693c781a1859001959f60c378e483e
__init__.py	21	systems/CIEL_OMEGA_COMPLETE_SYSTEM/ciel_omega/ciel_io/__init__.py	__init__.py	130	127	278b49a2639306a64e8fd96a35445b91ffcff12f
__init__.py	22	systems/CIEL_OMEGA_COMPLETE_SYSTEM/ciel_omega/compute/__init__.py	__init__.py	121	118	c018bc5ca579777501f137b38be316c06c6582f2
__init__.py	23	systems/CIEL_OMEGA_COMPLETE_SYSTEM/ciel_omega/mathematics/universal_law/__init__.py	__init__.py	98	94	96f42ec48df9cd4cd275dc96d79692649e8f3a31
__init__.py	24	systems/CIEL_OMEGA_COMPLETE_SYSTEM/ciel_omega/vocabulary_tools/__init__.py	__init__.py	87	87	f2385e3cffa5c22f77ea0e89aa8851e54bcd47b9
__init__.py	25	systems/CIEL_OMEGA_COMPLETE_SYSTEM/ciel_omega/runtime/agent/__init__.py	__init__.py	89	86	a287ec14808b36c06e28e37c5c7bd617385e19c2
__init__.py	26	systems/CIEL_OMEGA_COMPLETE_SYSTEM/ciel_omega/symbolic/__init__.py	__init__.py	85	82	83bc0bc057196776d29ccc64f350a0f3c1b2c7ab
__init__.py	27	systems/CIEL_OMEGA_COMPLETE_SYSTEM/ciel_omega/mathematics/paradoxes/__init__.py	__init__.py	85	82	63a0776da892dd9692c8b3cd47bb783c5b72a865
__init__.py	28	systems/CIEL_OMEGA_COMPLETE_SYSTEM/ciel_omega/runtime/__init__.py	__init__.py	85	81	e5d5603ecd8709f655b0bb60babcfd51453d990b
__init__.py	29	systems/CIEL_OMEGA_COMPLETE_SYSTEM/ciel_omega/emotion/__init__.py	__init__.py	84	81	fe30bac5ffaf92bae62b328e9c5f90ec1f0a2526
__init__.py	30	systems/CIEL_OMEGA_COMPLETE_SYSTEM/ciel_omega/visualization/__init__.py	__init__.py	81	78	d152b0e8effc7e5b1e1ca9bb019d87a6b242f6cc
__init__.py	31	systems/CIEL_OMEGA_COMPLETE_SYSTEM/ciel_omega/bio/__init__.py	__init__.py	81	78	89658a9e5f8ed2982fff71a98d5c331eac180d94
__init__.py	32	systems/CIEL_OMEGA_COMPLETE_SYSTEM/ciel_omega/mathematics/__init__.py	__init__.py	79	74	05e511d4dcb62ca1030de7ff9755a5ed038e0e6a
__init__.py	33	systems/CIEL_OMEGA_COMPLETE_SYSTEM/ciel_omega/integration/__init__.py	__init__.py	77	74	b3f5bec505adb0cd9e3a478e23aa062d24f26fb2
__init__.py	34	systems/CIEL_OMEGA_COMPLETE_SYSTEM/ciel_omega/cognition/__init__.py	__init__.py	82	73	673ce63471efcfcc69a4fd548edbe3e6a151aa16
__init__.py	35	systems/CIEL_OMEGA_COMPLETE_SYSTEM/ciel_omega/ethics/__init__.py	__init__.py	72	69	ec9ff67cc1d63bcf2b86c071be84c626e7d377d2
__init__.py	36	systems/CIEL_OMEGA_COMPLETE_SYSTEM/ciel_omega/mathematics/lie4/__init__.py	__init__.py	73	68	501818091efaa13c307b46a3a0fd725bfb35bd93
__init__.py	37	systems/CIEL_OMEGA_COMPLETE_SYSTEM/ciel_omega/core/quantum/__init__.py	__init__.py	71	68	08f7bf7e743c45b3935811356146d7d286764c32
__init__.py	38	systems/CIEL_OMEGA_COMPLETE_SYSTEM/ciel_omega/runtime/omega/__init__.py	__init__.py	69	66	b4437a4f02c9a8d3cc38de0de850d864d996d324
__init__.py	39	systems/CIEL_OMEGA_COMPLETE_SYSTEM/ciel_omega/experiments/__init__.py	__init__.py	68	65	1404e938ed1c5cde4bafc2d715d0391ee286b129
__init__.py	40	systems/CIEL_OMEGA_COMPLETE_SYSTEM/ciel_omega/core/physics/__init__.py	__init__.py	65	62	60e4168d6bded9cfc075d7c98d790ea2caeba6c9
__init__.py	41	systems/CIEL_OMEGA_COMPLETE_SYSTEM/ciel_omega/calibration/__init__.py	__init__.py	68	61	6b4b9e28201547a2a72c66edcffb293e09f08efc
__init__.py	42	systems/CIEL_OMEGA_COMPLETE_SYSTEM/ciel_omega/bridge/__init__.py	__init__.py	54	53	328358f712fe8e4946f404e7d1264652a0283bef
__init__.py	43	systems/CIEL_FOUNDATIONS/src/ciel_foundations/initial_conditions/__init__.py	__init__.py	33	33	8530c8f1baf708e730bcfc0602f9cc6a9e1da4f9
__init__.py	44	systems/CIEL_FOUNDATIONS/src/ciel_foundations/__init__.py	__init__.py	32	32	55b88e45d5a53ab6526d2647e77925cac9fa5d26
__init__.py	45	systems/CIEL_FOUNDATIONS/src/ciel_foundations/tau_solver/__init__.py	__init__.py	25	25	890a492c3d2ea1daec66166c7de46d400105f1ec
__init__.py	46	systems/CIEL_FOUNDATIONS/src/ciel_foundations/holonomy/__init__.py	__init__.py	23	23	1f1f3fd8ca1dc5b7468b09d15a117448b58ffe15
__init__.py	47	systems/CIEL_FOUNDATIONS/src/ciel_foundations/closure/__init__.py	__init__.py	22	22	957f82e7a5d98e0c335769df79356c470b77bfbe
__init__.py	48	systems/CIEL_FOUNDATIONS/src/ciel_foundations/genesis/__init__.py	__init__.py	22	22	4830563b6576977376d06950421ae3625c009880
__init__.py	49	systems/CIEL_FOUNDATIONS/src/ciel_foundations/bloch/__init__.py	__init__.py	20	20	d6d303edc6169d27790c4b56d7fd22e368757378
code.py	1	systems/CIEL_FOUNDATIONS/constants/Lambda0/code.py	code.py	46	46	8af7a2de9df301855531636b9a2863d5c6931e33
code.py	2	systems/CIEL_FOUNDATIONS/constants/kappa/code.py	code.py	44	44	13f3501239d3e326519fe7dc9afbb4ae09bae45f
code.py	3	systems/CIEL_FOUNDATIONS/constants/tau/code.py	code.py	42	42	be5d157300c2e7832ae24011e17378d79b07166a
code.py	4	systems/CIEL_FOUNDATIONS/constants/I0/code.py	code.py	41	41	809ed2ae95d9c3305b4fc194c4865f82028ceff1
derivation.md	1	systems/CIEL_FOUNDATIONS/constants/Lambda0/derivation.md	derivation.md	89	89	76c695c3661af17d8598150a9a07db7aa7c4f406
derivation.md	2	systems/CIEL_FOUNDATIONS/constants/kappa/derivation.md	derivation.md	87	87	d132303ba30c2cf836ab8f49c1b8386a9c1f10f9
derivation.md	3	systems/CIEL_FOUNDATIONS/constants/tau/derivation.md	derivation.md	85	85	a91c4f18812a8ae6a17233ccd8526f410c61d2bc
derivation.md	4	systems/CIEL_FOUNDATIONS/constants/I0/derivation.md	derivation.md	84	84	e5a0369bc6a728f1b0bd3e819a224ff36c2f084d
tests.py	1	systems/CIEL_FOUNDATIONS/constants/Lambda0/tests.py	tests.py	47	47	c704daae9006023e130e34fd43d2abdbafa7cf33
tests.py	2	systems/CIEL_FOUNDATIONS/constants/kappa/tests.py	tests.py	45	45	211ef093d9d57f78de13cec68990de831f10c116
tests.py	3	systems/CIEL_FOUNDATIONS/constants/tau/tests.py	tests.py	43	43	fc20cc559b728582b0df7a941d08bcd775ebae5e
tests.py	4	systems/CIEL_FOUNDATIONS/constants/I0/tests.py	tests.py	42	42	aba5ca283a6e71d3cef3ff466061934bae48e3eb
test_gguf_pipeline.py	1	systems/CIEL_OMEGA_VOCABULARY_REFERENCE/vocabulary/test_gguf_pipeline.py	test_gguf_pipeline.py	12256	12168	2fb1ed2c4afae3dfcce8a3019ffd533e11f5a422
test_gguf_pipeline.py	2	systems/CIEL_OMEGA_MEMORY_REFERENCE_v3.1.7/TODO/vocabulary/test_gguf_pipeline.py	test_gguf_pipeline.py	12256	12168	2fb1ed2c4afae3dfcce8a3019ffd533e11f5a422
test_gguf_pipeline.py	3	systems/CIEL_OMEGA_COMPLETE_SYSTEM/ciel_omega/vocabulary/test_gguf_pipeline.py	test_gguf_pipeline.py	12256	12168	2fb1ed2c4afae3dfcce8a3019ffd533e11f5a422
test_gguf_pipeline.py	4	systems/CIEL_OMEGA_COMPLETE_SYSTEM/ciel_omega/TODO/vocabulary/test_gguf_pipeline.py	test_gguf_pipeline.py	12256	12168	2fb1ed2c4afae3dfcce8a3019ffd533e11f5a422
orchestrator.py	1	systems/CIEL_OMEGA_MEMORY_REFERENCE_v3.1.7/memory/orchestrator.py	orchestrator.py	17533	17532	c315cb08dd343d78e509af75d8bf61549aa0a126
orchestrator.py	2	systems/CIEL_OMEGA_COMPLETE_SYSTEM/ciel_omega/memory/orchestrator.py	orchestrator.py	17533	17532	c315cb08dd343d78e509af75d8bf61549aa0a126
orchestrator.py	3	systems/CIEL_OMEGA_VOCABULARY_REFERENCE/vocabulary/orchestrator.py	orchestrator.py	16872	16848	8a384dcd5f6e0e1b5c96170afe085fea6c91676b
orchestrator.py	4	systems/CIEL_OMEGA_MEMORY_REFERENCE_v3.1.7/TODO/vocabulary/orchestrator.py	orchestrator.py	16872	16848	8a384dcd5f6e0e1b5c96170afe085fea6c91676b
orchestrator.py	5	systems/CIEL_OMEGA_COMPLETE_SYSTEM/ciel_omega/TODO/vocabulary/orchestrator.py	orchestrator.py	16872	16848	8a384dcd5f6e0e1b5c96170afe085fea6c91676b
orchestrator.py	6	systems/CIEL_OMEGA_COMPLETE_SYSTEM/ciel_omega/vocabulary/orchestrator.py	orchestrator.py	16764	16740	b48f3ef405751c2f84c44fa4218c5b11650e5907
orchestrator.py	7	systems/CIEL_OMEGA_COMPLETE_SYSTEM/ciel_omega/memory/monolith/orchestrator.py	orchestrator.py	5543	5524	63d04f715d16ded55b16a498048c98e3b3b7a635
orchestrator.py	8	systems/CIEL_OMEGA_COMPLETE_SYSTEM/ciel_omega/cognition/orchestrator.py	orchestrator.py	2506	2497	4272e1bee04a55c32030dc72fec31a7eef0dffb9
planetary_archetypes.py	1	systems/CIEL_OMEGA_VOCABULARY_REFERENCE/vocabulary/planetary_archetypes.py	planetary_archetypes.py	8523	8475	6072acf92b042f3ab0d78d6d44d06a1b13003a2c
planetary_archetypes.py	2	systems/CIEL_OMEGA_MEMORY_REFERENCE_v3.1.7/TODO/vocabulary/planetary_archetypes.py	planetary_archetypes.py	8523	8475	6072acf92b042f3ab0d78d6d44d06a1b13003a2c
planetary_archetypes.py	3	systems/CIEL_OMEGA_COMPLETE_SYSTEM/ciel_omega/vocabulary/planetary_archetypes.py	planetary_archetypes.py	8523	8475	6072acf92b042f3ab0d78d6d44d06a1b13003a2c
planetary_archetypes.py	4	systems/CIEL_OMEGA_COMPLETE_SYSTEM/ciel_omega/TODO/vocabulary/planetary_archetypes.py	planetary_archetypes.py	8523	8475	6072acf92b042f3ab0d78d6d44d06a1b13003a2c
field_dynamics.py	1	systems/CIEL_OMEGA_VOCABULARY_REFERENCE/vocabulary/field_dynamics.py	field_dynamics.py	12223	12136	fec7ba6f8072f091dec5f6cd95f86d7b75f39c1a
field_dynamics.py	2	systems/CIEL_OMEGA_MEMORY_REFERENCE_v3.1.7/TODO/vocabulary/field_dynamics.py	field_dynamics.py	12223	12136	fec7ba6f8072f091dec5f6cd95f86d7b75f39c1a
field_dynamics.py	3	systems/CIEL_OMEGA_COMPLETE_SYSTEM/ciel_omega/vocabulary/field_dynamics.py	field_dynamics.py	12223	12136	fec7ba6f8072f091dec5f6cd95f86d7b75f39c1a
field_dynamics.py	4	systems/CIEL_OMEGA_COMPLETE_SYSTEM/ciel_omega/TODO/vocabulary/field_dynamics.py	field_dynamics.py	12223	12136	fec7ba6f8072f091dec5f6cd95f86d7b75f39c1a
core_concepts.py	1	systems/CIEL_OMEGA_VOCABULARY_REFERENCE/vocabulary/core_concepts.py	core_concepts.py	22345	22166	2248742eaef232717d6297ae51c9fc66a0815ceb
core_concepts.py	2	systems/CIEL_OMEGA_MEMORY_REFERENCE_v3.1.7/TODO/vocabulary/core_concepts.py	core_concepts.py	22345	22166	2248742eaef232717d6297ae51c9fc66a0815ceb
core_concepts.py	3	systems/CIEL_OMEGA_COMPLETE_SYSTEM/ciel_omega/vocabulary/core_concepts.py	core_concepts.py	22345	22166	2248742eaef232717d6297ae51c9fc66a0815ceb
core_concepts.py	4	systems/CIEL_OMEGA_COMPLETE_SYSTEM/ciel_omega/TODO/vocabulary/core_concepts.py	core_concepts.py	22345	22166	2248742eaef232717d6297ae51c9fc66a0815ceb
demo_core_concepts.py	1	systems/CIEL_OMEGA_VOCABULARY_REFERENCE/vocabulary/demo_core_concepts.py	demo_core_concepts.py	7990	7924	98f6faa531df119aaa01831e9e5163bfa6cde806
demo_core_concepts.py	2	systems/CIEL_OMEGA_MEMORY_REFERENCE_v3.1.7/TODO/vocabulary/demo_core_concepts.py	demo_core_concepts.py	7990	7924	98f6faa531df119aaa01831e9e5163bfa6cde806
demo_core_concepts.py	3	systems/CIEL_OMEGA_COMPLETE_SYSTEM/ciel_omega/vocabulary/demo_core_concepts.py	demo_core_concepts.py	7990	7924	98f6faa531df119aaa01831e9e5163bfa6cde806
demo_core_concepts.py	4	systems/CIEL_OMEGA_COMPLETE_SYSTEM/ciel_omega/TODO/vocabulary/demo_core_concepts.py	demo_core_concepts.py	7990	7924	98f6faa531df119aaa01831e9e5163bfa6cde806
extended_concepts.py	1	systems/CIEL_OMEGA_VOCABULARY_REFERENCE/vocabulary/extended_concepts.py	extended_concepts.py	8453	8445	63a756a5c53f1da9876bc30c0c64e6e9fbe96268
extended_concepts.py	2	systems/CIEL_OMEGA_MEMORY_REFERENCE_v3.1.7/TODO/vocabulary/extended_concepts.py	extended_concepts.py	8453	8445	63a756a5c53f1da9876bc30c0c64e6e9fbe96268
extended_concepts.py	3	systems/CIEL_OMEGA_COMPLETE_SYSTEM/ciel_omega/vocabulary/extended_concepts.py	extended_concepts.py	8453	8445	63a756a5c53f1da9876bc30c0c64e6e9fbe96268
extended_concepts.py	4	systems/CIEL_OMEGA_COMPLETE_SYSTEM/ciel_omega/TODO/vocabulary/extended_concepts.py	extended_concepts.py	8453	8445	63a756a5c53f1da9876bc30c0c64e6e9fbe96268
transcendent.py	1	systems/CIEL_OMEGA_VOCABULARY_REFERENCE/vocabulary/transcendent.py	transcendent.py	9504	9483	57c7eef2fed7cd852b55fe7852ed6c2b28bcdc55
transcendent.py	2	systems/CIEL_OMEGA_MEMORY_REFERENCE_v3.1.7/TODO/vocabulary/transcendent.py	transcendent.py	9504	9483	57c7eef2fed7cd852b55fe7852ed6c2b28bcdc55
transcendent.py	3	systems/CIEL_OMEGA_COMPLETE_SYSTEM/ciel_omega/vocabulary/transcendent.py	transcendent.py	9504	9483	57c7eef2fed7cd852b55fe7852ed6c2b28bcdc55
transcendent.py	4	systems/CIEL_OMEGA_COMPLETE_SYSTEM/ciel_omega/TODO/vocabulary/transcendent.py	transcendent.py	9504	9483	57c7eef2fed7cd852b55fe7852ed6c2b28bcdc55
COMPLETE_DOCUMENTATION.md	1	systems/CIEL_OMEGA_VOCABULARY_REFERENCE/vocabulary/COMPLETE_DOCUMENTATION.md	COMPLETE_DOCUMENTATION.md	9731	9535	478ea7acb6488207cdded0078ab1792c79cf6205
COMPLETE_DOCUMENTATION.md	2	systems/CIEL_OMEGA_MEMORY_REFERENCE_v3.1.7/TODO/vocabulary/COMPLETE_DOCUMENTATION.md	COMPLETE_DOCUMENTATION.md	9731	9535	478ea7acb6488207cdded0078ab1792c79cf6205
COMPLETE_DOCUMENTATION.md	3	systems/CIEL_OMEGA_COMPLETE_SYSTEM/ciel_omega/vocabulary/COMPLETE_DOCUMENTATION.md	COMPLETE_DOCUMENTATION.md	9731	9535	478ea7acb6488207cdded0078ab1792c79cf6205
COMPLETE_DOCUMENTATION.md	4	systems/CIEL_OMEGA_COMPLETE_SYSTEM/ciel_omega/TODO/vocabulary/COMPLETE_DOCUMENTATION.md	COMPLETE_DOCUMENTATION.md	9731	9535	478ea7acb6488207cdded0078ab1792c79cf6205
test_comprehensive.py	1	systems/CIEL_OMEGA_VOCABULARY_REFERENCE/vocabulary/test_comprehensive.py	test_comprehensive.py	9111	9031	b6ba6ad81e6655ff2af71767fd78483049b96460
test_comprehensive.py	2	systems/CIEL_OMEGA_MEMORY_REFERENCE_v3.1.7/TODO/vocabulary/test_comprehensive.py	test_comprehensive.py	9111	9031	b6ba6ad81e6655ff2af71767fd78483049b96460
test_comprehensive.py	3	systems/CIEL_OMEGA_COMPLETE_SYSTEM/ciel_omega/vocabulary/test_comprehensive.py	test_comprehensive.py	9111	9031	b6ba6ad81e6655ff2af71767fd78483049b96460
test_comprehensive.py	4	systems/CIEL_OMEGA_COMPLETE_SYSTEM/ciel_omega/TODO/vocabulary/test_comprehensive.py	test_comprehensive.py	9111	9031	b6ba6ad81e6655ff2af71767fd78483049b96460
affective_memory.py	1	systems/CIEL_OMEGA_MEMORY_REFERENCE_v3.1.7/memory/affective_memory.py	affective_memory.py	16193	16192	72a6d90ba7299b7f51488f71c5e041ba91a0a3e6
affective_memory.py	2	systems/CIEL_OMEGA_COMPLETE_SYSTEM/ciel_omega/memory/affective_memory.py	affective_memory.py	16193	16192	72a6d90ba7299b7f51488f71c5e041ba91a0a3e6
affective_types.py	1	systems/CIEL_OMEGA_MEMORY_REFERENCE_v3.1.7/memory/affective_types.py	affective_types.py	2976	2975	5ede2d05d169a46544adbc87793436aee0bb450c
affective_types.py	2	systems/CIEL_OMEGA_COMPLETE_SYSTEM/ciel_omega/memory/affective_types.py	affective_types.py	2976	2975	5ede2d05d169a46544adbc87793436aee0bb450c
audit_journal.py	1	systems/CIEL_OMEGA_MEMORY_REFERENCE_v3.1.7/memory/audit_journal.py	audit_journal.py	12610	12609	ea8307ce70de8f393342d0ef06777386cef8bfce
audit_journal.py	2	systems/CIEL_OMEGA_COMPLETE_SYSTEM/ciel_omega/memory/audit_journal.py	audit_journal.py	12610	12609	ea8307ce70de8f393342d0ef06777386cef8bfce
base.py	1	systems/CIEL_OMEGA_MEMORY_REFERENCE_v3.1.7/memory/base.py	base.py	9278	9254	6b2dda5ad4569eda4b155eb5f378b4525edfd461
base.py	2	systems/CIEL_OMEGA_COMPLETE_SYSTEM/ciel_omega/memory/base.py	base.py	9278	9254	6b2dda5ad4569eda4b155eb5f378b4525edfd461
base.py	3	systems/CIEL_OMEGA_COMPLETE_SYSTEM/ciel_omega/core/base.py	base.py	712	711	4ad5c625d04f99f2b0785a4cecc992fbf09919ec
braid_invariant.py	1	systems/CIEL_OMEGA_MEMORY_REFERENCE_v3.1.7/memory/braid_invariant.py	braid_invariant.py	10000	9986	392d2af8a1ebeb86ef9648a6982a16086715d5da
braid_invariant.py	2	systems/CIEL_OMEGA_COMPLETE_SYSTEM/ciel_omega/memory/braid_invariant.py	braid_invariant.py	10000	9986	392d2af8a1ebeb86ef9648a6982a16086715d5da
coupling.py	1	systems/CIEL_OMEGA_MEMORY_REFERENCE_v3.1.7/memory/coupling.py	coupling.py	12350	12285	c110a0a5ef9889b574c3b60b2f4f6a1480168fdd
coupling.py	2	systems/CIEL_OMEGA_COMPLETE_SYSTEM/ciel_omega/memory/coupling.py	coupling.py	12350	12285	c110a0a5ef9889b574c3b60b2f4f6a1480168fdd
episodic.py	1	systems/CIEL_OMEGA_MEMORY_REFERENCE_v3.1.7/memory/episodic.py	episodic.py	12261	12257	6cc8e009913703464885034d688d10f52df53b16
episodic.py	2	systems/CIEL_OMEGA_COMPLETE_SYSTEM/ciel_omega/memory/episodic.py	episodic.py	12261	12257	6cc8e009913703464885034d688d10f52df53b16
holonomy.py	1	systems/CIEL_OMEGA_MEMORY_REFERENCE_v3.1.7/memory/holonomy.py	holonomy.py	12033	11904	c2e1efec32e0d095251e3ac43d08e065b9cc4290
holonomy.py	2	systems/CIEL_OMEGA_COMPLETE_SYSTEM/ciel_omega/memory/holonomy.py	holonomy.py	12033	11904	c2e1efec32e0d095251e3ac43d08e065b9cc4290
identity_memory.py	1	systems/CIEL_OMEGA_MEMORY_REFERENCE_v3.1.7/memory/identity_memory.py	identity_memory.py	17902	17889	f3943d98ad2c30a7c85aa6517e301ca5246a2746
identity_memory.py	2	systems/CIEL_OMEGA_COMPLETE_SYSTEM/ciel_omega/memory/identity_memory.py	identity_memory.py	17902	17889	f3943d98ad2c30a7c85aa6517e301ca5246a2746
identity_types.py	1	systems/CIEL_OMEGA_MEMORY_REFERENCE_v3.1.7/memory/identity_types.py	identity_types.py	6532	6518	64bafdbf8ae81ba9b26cb674bd6ed3e030611a52
identity_types.py	2	systems/CIEL_OMEGA_COMPLETE_SYSTEM/ciel_omega/memory/identity_types.py	identity_types.py	6532	6518	64bafdbf8ae81ba9b26cb674bd6ed3e030611a52
long_term.py	1	systems/CIEL_OMEGA_MEMORY_REFERENCE_v3.1.7/memory/long_term.py	long_term.py	1715	1712	7dd1e1d6e421d973f2550690c460775c663dd31f
long_term.py	2	systems/CIEL_OMEGA_COMPLETE_SYSTEM/ciel_omega/memory/long_term.py	long_term.py	1715	1712	7dd1e1d6e421d973f2550690c460775c663dd31f
memory_log.py	1	systems/CIEL_OMEGA_MEMORY_REFERENCE_v3.1.7/memory/memory_log.py	memory_log.py	1369	1368	14ce7cf91b0b673f26b4959eaf56de55860215c1
memory_log.py	2	systems/CIEL_OMEGA_COMPLETE_SYSTEM/ciel_omega/memory/memory_log.py	memory_log.py	1369	1368	14ce7cf91b0b673f26b4959eaf56de55860215c1
orchestrator_types.py	1	systems/CIEL_OMEGA_MEMORY_REFERENCE_v3.1.7/memory/orchestrator_types.py	orchestrator_types.py	1520	1519	df7b8f5e3e94a68cf7b40f7e691015c450a200c4
orchestrator_types.py	2	systems/CIEL_OMEGA_COMPLETE_SYSTEM/ciel_omega/memory/orchestrator_types.py	orchestrator_types.py	1520	1519	df7b8f5e3e94a68cf7b40f7e691015c450a200c4
perceptual_memory.py	1	systems/CIEL_OMEGA_MEMORY_REFERENCE_v3.1.7/memory/perceptual_memory.py	perceptual_memory.py	9497	9496	0da4c0e83aa09582da68beaeb5c58b6684f3ed4e
perceptual_memory.py	2	systems/CIEL_OMEGA_COMPLETE_SYSTEM/ciel_omega/memory/perceptual_memory.py	perceptual_memory.py	9497	9496	0da4c0e83aa09582da68beaeb5c58b6684f3ed4e
perceptual_types.py	1	systems/CIEL_OMEGA_MEMORY_REFERENCE_v3.1.7/memory/perceptual_types.py	perceptual_types.py	1537	1536	0e7c5f5a18ae43a5dc6e08ffb0d39308d84d4283
perceptual_types.py	2	systems/CIEL_OMEGA_COMPLETE_SYSTEM/ciel_omega/memory/perceptual_types.py	perceptual_types.py	1537	1536	0e7c5f5a18ae43a5dc6e08ffb0d39308d84d4283
potential.py	1	systems/CIEL_OMEGA_MEMORY_REFERENCE_v3.1.7/memory/potential.py	potential.py	17256	17191	ab9bda23b8ae819fadb8b33809410b0cfb9f6b95
potential.py	2	systems/CIEL_OMEGA_COMPLETE_SYSTEM/ciel_omega/memory/potential.py	potential.py	17256	17191	ab9bda23b8ae819fadb8b33809410b0cfb9f6b95
procedural_memory.py	1	systems/CIEL_OMEGA_MEMORY_REFERENCE_v3.1.7/memory/procedural_memory.py	procedural_memory.py	14702	14701	b43e0c5e2e7ade280fb9d73dd157ff4eaf3ccd1a
procedural_memory.py	2	systems/CIEL_OMEGA_COMPLETE_SYSTEM/ciel_omega/memory/procedural_memory.py	procedural_memory.py	14702	14701	b43e0c5e2e7ade280fb9d73dd157ff4eaf3ccd1a
procedural_types.py	1	systems/CIEL_OMEGA_MEMORY_REFERENCE_v3.1.7/memory/procedural_types.py	procedural_types.py	2851	2850	773e2ca52bcb3babb40dd4be6be72543e4bba272
procedural_types.py	2	systems/CIEL_OMEGA_COMPLETE_SYSTEM/ciel_omega/memory/procedural_types.py	procedural_types.py	2851	2850	773e2ca52bcb3babb40dd4be6be72543e4bba272
semantic_memory.py	1	systems/CIEL_OMEGA_MEMORY_REFERENCE_v3.1.7/memory/semantic_memory.py	semantic_memory.py	13230	13229	be2d3161ab99fc0ed7fe162bdeb569bbdab03976
semantic_memory.py	2	systems/CIEL_OMEGA_COMPLETE_SYSTEM/ciel_omega/memory/semantic_memory.py	semantic_memory.py	13230	13229	be2d3161ab99fc0ed7fe162bdeb569bbdab03976
semantic_types.py	1	systems/CIEL_OMEGA_MEMORY_REFERENCE_v3.1.7/memory/semantic_types.py	semantic_types.py	2710	2709	fc9fbe6df86761cc786f817f46c999eb51e4d7e7
semantic_types.py	2	systems/CIEL_OMEGA_COMPLETE_SYSTEM/ciel_omega/memory/semantic_types.py	semantic_types.py	2710	2709	fc9fbe6df86761cc786f817f46c999eb51e4d7e7
synchronizer.py	1	systems/CIEL_OMEGA_MEMORY_REFERENCE_v3.1.7/memory/synchronizer.py	synchronizer.py	700	692	897cb1b37fd914959ae5919c2374d78a9550b29d
synchronizer.py	2	systems/CIEL_OMEGA_COMPLETE_SYSTEM/ciel_omega/memory/synchronizer.py	synchronizer.py	700	692	897cb1b37fd914959ae5919c2374d78a9550b29d
working_memory.py	1	systems/CIEL_OMEGA_MEMORY_REFERENCE_v3.1.7/memory/working_memory.py	working_memory.py	9430	9429	b5d7d7e217867924e0ce4871b0d040af7e30bed1
working_memory.py	2	systems/CIEL_OMEGA_COMPLETE_SYSTEM/ciel_omega/memory/working_memory.py	working_memory.py	9430	9429	b5d7d7e217867924e0ce4871b0d040af7e30bed1
working_types.py	1	systems/CIEL_OMEGA_MEMORY_REFERENCE_v3.1.7/memory/working_types.py	working_types.py	1386	1385	d17743eea8879a0c1345e82407901c5514099485
working_types.py	2	systems/CIEL_OMEGA_COMPLETE_SYSTEM/ciel_omega/memory/working_types.py	working_types.py	1386	1385	d17743eea8879a0c1345e82407901c5514099485
introspective_state_demo.py	1	systems/CIEL_OMEGA_MEMORY_REFERENCE_v3.1.7/TODO/experimental/introspective_state_demo.py	introspective_state_demo.py	4411	4409	373bd72c9741b5a27e333443eafd44aac96ea2a0
introspective_state_demo.py	2	systems/CIEL_OMEGA_COMPLETE_SYSTEM/ciel_omega/TODO/experimental/introspective_state_demo.py	introspective_state_demo.py	4411	4409	373bd72c9741b5a27e333443eafd44aac96ea2a0
unified_reality_kernel_v7.py	1	systems/CIEL_OMEGA_MEMORY_REFERENCE_v3.1.7/TODO/experimental/geometry_holonomy_monolith/unified_reality_kernel_v7.py	unified_reality_kernel_v7.py	16154	16146	a19cdacb1520c59db0fce5f40cc3af94b7b1ea5c
unified_reality_kernel_v7.py	2	systems/CIEL_OMEGA_COMPLETE_SYSTEM/ciel_omega/TODO/experimental/geometry_holonomy_monolith/unified_reality_kernel_v7.py	unified_reality_kernel_v7.py	16154	16146	a19cdacb1520c59db0fce5f40cc3af94b7b1ea5c
rules_immutable.json	1	systems/CIEL_OMEGA_COMPLETE_SYSTEM/configs/rules_immutable.json	rules_immutable.json	150	150	a03dd081b8f052a2c870a90bfa0a39a5e11510ac
rules_immutable.json	2	systems/CIEL_OMEGA_COMPLETE_SYSTEM/ciel_omega/configs/rules_immutable.json	rules_immutable.json	150	150	a03dd081b8f052a2c870a90bfa0a39a5e11510ac
heuristics_user.json	1	systems/CIEL_OMEGA_COMPLETE_SYSTEM/configs/heuristics_user.json	heuristics_user.json	255	255	0fc02fccf6d53c93d395fb2da6c6b89435a33ae4
heuristics_user.json	2	systems/CIEL_OMEGA_COMPLETE_SYSTEM/ciel_omega/configs/heuristics_user.json	heuristics_user.json	255	255	0fc02fccf6d53c93d395fb2da6c6b89435a33ae4
heuristics_self.json	1	systems/CIEL_OMEGA_COMPLETE_SYSTEM/configs/heuristics_self.json	heuristics_self.json	221	221	396d76b8964c6b8d364fb68d0c1ef89f0984e59e
heuristics_self.json	2	systems/CIEL_OMEGA_COMPLETE_SYSTEM/ciel_omega/configs/heuristics_self.json	heuristics_self.json	221	221	396d76b8964c6b8d364fb68d0c1ef89f0984e59e
memory_ledger.db	1	systems/CIEL_OMEGA_COMPLETE_SYSTEM/CIEL_MEMORY_SYSTEM/TSM/ledger/memory_ledger.db	memory_ledger.db	12288		f58e691ea5ed45c52146e76cc928d6f1ea9ceac3
memory_ledger.db	2	systems/CIEL_OMEGA_COMPLETE_SYSTEM/ciel_omega/CIEL_MEMORY_SYSTEM/TSM/ledger/memory_ledger.db	memory_ledger.db	12288		2ca7a48686cdba3e501fb4ce8dfb23050bbc777a
AGENT.md	1	systems/CIEL_OMEGA_COMPLETE_SYSTEM/ciel_omega/bridge/AGENT.md	AGENT.md	542	542	20954e24ce9493950247ba2dfb08d2cecbfea843
AGENT.md	2	systems/CIEL_OMEGA_COMPLETE_SYSTEM/ciel_omega/constraints/AGENT.md	AGENT.md	525	525	e878423dcb396c31a3fe81f2d62b780ea6710798
AGENT.md	3	systems/CIEL_OMEGA_COMPLETE_SYSTEM/ciel_omega/memory/AGENT.md	AGENT.md	512	512	8b883653c5537d2144623827303c769933312fec
AGENT.md	4	systems/CIEL_OMEGA_COMPLETE_SYSTEM/ciel_omega/fields/AGENT.md	AGENT.md	510	510	945771ac55e59657fcccc48fdfe4dd7e5fc95fe4
AGENT.md	5	systems/CIEL_OMEGA_COMPLETE_SYSTEM/ciel_omega/vocabulary/AGENT.md	AGENT.md	506	506	52f1d06c85fab975875d26880dc953b5083c5fc5
AGENT.md	6	systems/CIEL_OMEGA_COMPLETE_SYSTEM/ciel_omega/runtime/AGENT.md	AGENT.md	481	481	cb84e4bd1934c1f96035189ce9bb662500f14afe
cli.py	1	systems/CIEL_OMEGA_COMPLETE_SYSTEM/ciel_omega/memory/monolith/cli.py	cli.py	4379	4372	240e3f1b5ae6a2d57c96981213c26b1b9b091f12
cli.py	2	systems/CIEL_OMEGA_COMPLETE_SYSTEM/ciel_omega/ciel/cli.py	cli.py	1572	1572	7922b7f5135195aa6e144894cc913a01f8f6a42a
defaults.py	1	systems/CIEL_OMEGA_COMPLETE_SYSTEM/ciel_omega/memory/monolith/defaults.py	defaults.py	2828	2821	7a0dbdc8bee69fa44fee80bfca5f9308789bf795
defaults.py	2	systems/CIEL_OMEGA_COMPLETE_SYSTEM/ciel_omega/core/braid/defaults.py	defaults.py	2479	2471	4ad62cada3fcc06276808e13f734cf0c042aab38
quantum_engine.py	1	systems/CIEL_OMEGA_COMPLETE_SYSTEM/ciel_omega/core/quantum/quantum_engine.py	quantum_engine.py	22838	22684	b8102328d952f515097f35ef1bd1b162ee4917f9
quantum_engine.py	2	systems/CIEL_OMEGA_COMPLETE_SYSTEM/ciel_omega/emotion/cqcl/quantum_engine.py	quantum_engine.py	3355	3343	c3ca6d82f44c17639796ad1ae75de4029f86c096
